Close Price,Currency,Date,PermID
3.06,EUR,2011-07-21,5056415510
3.03,EUR,2011-07-22,5056415510
3.06,EUR,2011-07-25,5056415510
3.27,EUR,2011-07-26,5056415510
3.03,EUR,2011-07-27,5056415510
3.27,EUR,2011-07-28,5056415510
3.15,EUR,2011-07-29,5056415510
3.15,EUR,2011-08-01,5056415510
3.03,EUR,2011-08-02,5056415510
2.73,EUR,2011-08-03,5056415510
2.76,EUR,2011-08-04,5056415510
2.58,EUR,2011-08-05,5056415510
2.58,EUR,2011-08-08,5056415510
2.79,EUR,2011-08-09,5056415510
2.79,EUR,2011-08-10,5056415510
2.85,EUR,2011-08-11,5056415510
2.85,EUR,2011-08-12,5056415510
2.88,EUR,2011-08-15,5056415510
2.91,EUR,2011-08-16,5056415510
2.85,EUR,2011-08-17,5056415510
2.73,EUR,2011-08-18,5056415510
2.76,EUR,2011-08-19,5056415510
2.82,EUR,2011-08-22,5056415510
2.67,EUR,2011-08-23,5056415510
2.67,EUR,2011-08-24,5056415510
2.58,EUR,2011-08-25,5056415510
2.58,EUR,2011-08-26,5056415510
2.55,EUR,2011-08-29,5056415510
2.58,EUR,2011-08-30,5056415510
2.64,EUR,2011-08-31,5056415510
2.67,EUR,2011-09-01,5056415510
2.64,EUR,2011-09-02,5056415510
2.34,EUR,2011-09-05,5056415510
2.34,EUR,2011-09-06,5056415510
2.43,EUR,2011-09-07,5056415510
2.31,EUR,2011-09-08,5056415510
2.13,EUR,2011-09-09,5056415510
2.19,EUR,2011-09-12,5056415510
2.28,EUR,2011-09-13,5056415510
2.34,EUR,2011-09-14,5056415510
2.28,EUR,2011-09-15,5056415510
2.25,EUR,2011-09-16,5056415510
2.19,EUR,2011-09-19,5056415510
2.13,EUR,2011-09-20,5056415510
2.1,EUR,2011-09-21,5056415510
2.04,EUR,2011-09-22,5056415510
2.19,EUR,2011-09-23,5056415510
2.19,EUR,2011-09-26,5056415510
2.25,EUR,2011-09-27,5056415510
2.25,EUR,2011-09-28,5056415510
2.28,EUR,2011-09-29,5056415510
2.31,EUR,2011-09-30,5056415510
2.31,EUR,2011-10-03,5056415510
2.22,EUR,2011-10-04,5056415510
2.46,EUR,2011-10-05,5056415510
2.58,EUR,2011-10-06,5056415510
2.82,EUR,2011-10-07,5056415510
2.79,EUR,2011-10-10,5056415510
2.91,EUR,2011-10-11,5056415510
3.0,EUR,2011-10-12,5056415510
2.88,EUR,2011-10-13,5056415510
2.91,EUR,2011-10-14,5056415510
2.82,EUR,2011-10-17,5056415510
2.88,EUR,2011-10-18,5056415510
2.97,EUR,2011-10-19,5056415510
2.88,EUR,2011-10-20,5056415510
2.97,EUR,2011-10-21,5056415510
3.03,EUR,2011-10-24,5056415510
3.03,EUR,2011-10-25,5056415510
3.0,EUR,2011-10-26,5056415510
3.24,EUR,2011-10-27,5056415510
3.18,EUR,2011-10-28,5056415510
3.12,EUR,2011-10-31,5056415510
2.82,EUR,2011-11-01,5056415510
2.79,EUR,2011-11-02,5056415510
2.76,EUR,2011-11-03,5056415510
2.79,EUR,2011-11-04,5056415510
2.76,EUR,2011-11-07,5056415510
2.7,EUR,2011-11-08,5056415510
2.7,EUR,2011-11-09,5056415510
2.58,EUR,2011-11-10,5056415510
2.61,EUR,2011-11-11,5056415510
2.61,EUR,2011-11-14,5056415510
2.52,EUR,2011-11-15,5056415510
2.52,EUR,2011-11-16,5056415510
2.4,EUR,2011-11-17,5056415510
2.37,EUR,2011-11-18,5056415510
2.34,EUR,2011-11-21,5056415510
2.31,EUR,2011-11-22,5056415510
2.25,EUR,2011-11-23,5056415510
2.28,EUR,2011-11-24,5056415510
2.34,EUR,2011-11-25,5056415510
2.49,EUR,2011-11-28,5056415510
2.61,EUR,2011-11-29,5056415510
2.79,EUR,2011-11-30,5056415510
2.46,EUR,2011-12-01,5056415510
2.67,EUR,2011-12-02,5056415510
2.7,EUR,2011-12-05,5056415510
2.73,EUR,2011-12-06,5056415510
2.79,EUR,2011-12-07,5056415510
2.67,EUR,2011-12-08,5056415510
2.79,EUR,2011-12-09,5056415510
2.61,EUR,2011-12-12,5056415510
2.58,EUR,2011-12-13,5056415510
2.46,EUR,2011-12-14,5056415510
2.4,EUR,2011-12-15,5056415510
2.34,EUR,2011-12-16,5056415510
2.25,EUR,2011-12-19,5056415510
2.43,EUR,2011-12-20,5056415510
2.46,EUR,2011-12-21,5056415510
2.49,EUR,2011-12-22,5056415510
2.61,EUR,2011-12-23,5056415510
2.46,EUR,2011-12-28,5056415510
2.4,EUR,2011-12-29,5056415510
2.46,EUR,2011-12-30,5056415510
2.55,EUR,2012-01-03,5056415510
2.49,EUR,2012-01-04,5056415510
2.49,EUR,2012-01-05,5056415510
2.46,EUR,2012-01-06,5056415510
2.46,EUR,2012-01-09,5056415510
2.52,EUR,2012-01-10,5056415510
2.55,EUR,2012-01-11,5056415510
2.55,EUR,2012-01-12,5056415510
2.7,EUR,2012-01-13,5056415510
2.76,EUR,2012-01-16,5056415510
2.76,EUR,2012-01-17,5056415510
2.76,EUR,2012-01-18,5056415510
3.12,EUR,2012-01-19,5056415510
3.21,EUR,2012-01-20,5056415510
3.39,EUR,2012-01-23,5056415510
3.39,EUR,2012-01-24,5056415510
3.39,EUR,2012-01-25,5056415510
3.48,EUR,2012-01-26,5056415510
3.45,EUR,2012-01-27,5056415510
3.33,EUR,2012-01-30,5056415510
3.42,EUR,2012-01-31,5056415510
3.66,EUR,2012-02-01,5056415510
3.9,EUR,2012-02-02,5056415510
4.5,EUR,2012-02-03,5056415510
4.35,EUR,2012-02-06,5056415510
4.35,EUR,2012-02-07,5056415510
4.32,EUR,2012-02-08,5056415510
4.35,EUR,2012-02-09,5056415510
4.2,EUR,2012-02-10,5056415510
4.05,EUR,2012-02-13,5056415510
3.87,EUR,2012-02-14,5056415510
3.78,EUR,2012-02-15,5056415510
3.78,EUR,2012-02-16,5056415510
4.2,EUR,2012-02-17,5056415510
4.38,EUR,2012-02-20,5056415510
4.44,EUR,2012-02-21,5056415510
4.14,EUR,2012-02-22,5056415510
4.02,EUR,2012-02-23,5056415510
4.05,EUR,2012-02-24,5056415510
4.14,EUR,2012-02-27,5056415510
4.05,EUR,2012-02-28,5056415510
4.05,EUR,2012-02-29,5056415510
4.14,EUR,2012-03-01,5056415510
4.11,EUR,2012-03-02,5056415510
3.96,EUR,2012-03-05,5056415510
3.72,EUR,2012-03-06,5056415510
3.87,EUR,2012-03-07,5056415510
4.02,EUR,2012-03-08,5056415510
4.02,EUR,2012-03-09,5056415510
3.87,EUR,2012-03-12,5056415510
3.96,EUR,2012-03-13,5056415510
3.93,EUR,2012-03-14,5056415510
4.05,EUR,2012-03-15,5056415510
4.35,EUR,2012-03-16,5056415510
4.14,EUR,2012-03-19,5056415510
4.11,EUR,2012-03-20,5056415510
4.08,EUR,2012-03-21,5056415510
3.78,EUR,2012-03-22,5056415510
3.9,EUR,2012-03-23,5056415510
3.96,EUR,2012-03-26,5056415510
3.87,EUR,2012-03-27,5056415510
3.84,EUR,2012-03-28,5056415510
3.72,EUR,2012-03-29,5056415510
3.72,EUR,2012-03-30,5056415510
3.66,EUR,2012-04-02,5056415510
3.54,EUR,2012-04-03,5056415510
3.33,EUR,2012-04-04,5056415510
3.27,EUR,2012-04-05,5056415510
3.09,EUR,2012-04-10,5056415510
3.18,EUR,2012-04-11,5056415510
3.24,EUR,2012-04-12,5056415510
3.21,EUR,2012-04-13,5056415510
3.21,EUR,2012-04-16,5056415510
3.42,EUR,2012-04-17,5056415510
3.51,EUR,2012-04-18,5056415510
3.51,EUR,2012-04-19,5056415510
3.39,EUR,2012-04-20,5056415510
3.3,EUR,2012-04-23,5056415510
3.36,EUR,2012-04-24,5056415510
3.36,EUR,2012-04-25,5056415510
3.33,EUR,2012-04-26,5056415510
3.33,EUR,2012-04-27,5056415510
3.36,EUR,2012-04-30,5056415510
3.36,EUR,2012-05-01,5056415510
3.24,EUR,2012-05-02,5056415510
3.27,EUR,2012-05-03,5056415510
3.12,EUR,2012-05-04,5056415510
3.0,EUR,2012-05-08,5056415510
2.91,EUR,2012-05-09,5056415510
2.94,EUR,2012-05-10,5056415510
2.91,EUR,2012-05-11,5056415510
2.64,EUR,2012-05-14,5056415510
2.7,EUR,2012-05-15,5056415510
2.58,EUR,2012-05-16,5056415510
2.52,EUR,2012-05-17,5056415510
2.49,EUR,2012-05-18,5056415510
2.61,EUR,2012-05-21,5056415510
2.61,EUR,2012-05-22,5056415510
2.43,EUR,2012-05-23,5056415510
2.52,EUR,2012-05-24,5056415510
2.58,EUR,2012-05-25,5056415510
2.61,EUR,2012-05-28,5056415510
2.61,EUR,2012-05-29,5056415510
2.61,EUR,2012-05-30,5056415510
2.67,EUR,2012-05-31,5056415510
2.58,EUR,2012-06-01,5056415510
2.67,EUR,2012-06-05,5056415510
2.88,EUR,2012-06-06,5056415510
2.97,EUR,2012-06-07,5056415510
2.94,EUR,2012-06-08,5056415510
2.91,EUR,2012-06-11,5056415510
2.79,EUR,2012-06-12,5056415510
2.73,EUR,2012-06-13,5056415510
2.76,EUR,2012-06-14,5056415510
2.82,EUR,2012-06-15,5056415510
2.76,EUR,2012-06-18,5056415510
2.82,EUR,2012-06-19,5056415510
2.82,EUR,2012-06-20,5056415510
2.82,EUR,2012-06-21,5056415510
2.79,EUR,2012-06-22,5056415510
2.7,EUR,2012-06-25,5056415510
2.64,EUR,2012-06-26,5056415510
2.64,EUR,2012-06-27,5056415510
2.61,EUR,2012-06-28,5056415510
3.0,EUR,2012-06-29,5056415510
3.21,EUR,2012-07-02,5056415510
3.18,EUR,2012-07-03,5056415510
3.09,EUR,2012-07-04,5056415510
2.97,EUR,2012-07-05,5056415510
2.88,EUR,2012-07-06,5056415510
2.79,EUR,2012-07-09,5056415510
2.82,EUR,2012-07-10,5056415510
2.79,EUR,2012-07-11,5056415510
2.64,EUR,2012-07-12,5056415510
2.73,EUR,2012-07-13,5056415510
2.79,EUR,2012-07-16,5056415510
2.76,EUR,2012-07-17,5056415510
2.79,EUR,2012-07-18,5056415510
2.88,EUR,2012-07-19,5056415510
2.82,EUR,2012-07-20,5056415510
2.67,EUR,2012-07-23,5056415510
2.61,EUR,2012-07-24,5056415510
2.7,EUR,2012-07-25,5056415510
2.94,EUR,2012-07-26,5056415510
3.03,EUR,2012-07-27,5056415510
3.09,EUR,2012-07-30,5056415510
3.03,EUR,2012-07-31,5056415510
3.0,EUR,2012-08-01,5056415510
2.88,EUR,2012-08-02,5056415510
3.0,EUR,2012-08-03,5056415510
3.0,EUR,2012-08-06,5056415510
3.03,EUR,2012-08-07,5056415510
2.97,EUR,2012-08-08,5056415510
2.94,EUR,2012-08-09,5056415510
2.85,EUR,2012-08-10,5056415510
2.88,EUR,2012-08-13,5056415510
2.88,EUR,2012-08-14,5056415510
2.85,EUR,2012-08-15,5056415510
2.79,EUR,2012-08-16,5056415510
2.73,EUR,2012-08-17,5056415510
2.73,EUR,2012-08-20,5056415510
2.67,EUR,2012-08-21,5056415510
2.61,EUR,2012-08-22,5056415510
2.55,EUR,2012-08-23,5056415510
2.58,EUR,2012-08-24,5056415510
2.61,EUR,2012-08-27,5056415510
2.49,EUR,2012-08-28,5056415510
2.52,EUR,2012-08-29,5056415510
2.49,EUR,2012-08-30,5056415510
2.64,EUR,2012-08-31,5056415510
2.67,EUR,2012-09-03,5056415510
2.61,EUR,2012-09-04,5056415510
2.61,EUR,2012-09-05,5056415510
2.79,EUR,2012-09-06,5056415510
2.91,EUR,2012-09-07,5056415510
2.85,EUR,2012-09-10,5056415510
2.94,EUR,2012-09-11,5056415510
2.91,EUR,2012-09-12,5056415510
2.94,EUR,2012-09-13,5056415510
3.03,EUR,2012-09-14,5056415510
2.97,EUR,2012-09-17,5056415510
2.97,EUR,2012-09-18,5056415510
2.97,EUR,2012-09-19,5056415510
2.94,EUR,2012-09-20,5056415510
2.97,EUR,2012-09-21,5056415510
3.0,EUR,2012-09-24,5056415510
3.0,EUR,2012-09-25,5056415510
2.79,EUR,2012-09-26,5056415510
2.88,EUR,2012-09-27,5056415510
2.91,EUR,2012-09-28,5056415510
2.94,EUR,2012-10-01,5056415510
2.94,EUR,2012-10-02,5056415510
2.94,EUR,2012-10-03,5056415510
3.03,EUR,2012-10-04,5056415510
3.09,EUR,2012-10-05,5056415510
3.03,EUR,2012-10-08,5056415510
2.94,EUR,2012-10-09,5056415510
2.85,EUR,2012-10-10,5056415510
2.85,EUR,2012-10-11,5056415510
2.82,EUR,2012-10-12,5056415510
2.82,EUR,2012-10-15,5056415510
2.91,EUR,2012-10-16,5056415510
2.91,EUR,2012-10-17,5056415510
2.88,EUR,2012-10-18,5056415510
2.82,EUR,2012-10-19,5056415510
2.88,EUR,2012-10-22,5056415510
2.79,EUR,2012-10-23,5056415510
2.79,EUR,2012-10-24,5056415510
2.82,EUR,2012-10-25,5056415510
2.79,EUR,2012-10-26,5056415510
2.79,EUR,2012-10-29,5056415510
2.82,EUR,2012-10-30,5056415510
2.73,EUR,2012-10-31,5056415510
2.88,EUR,2012-11-01,5056415510
2.97,EUR,2012-11-02,5056415510
2.91,EUR,2012-11-05,5056415510
2.91,EUR,2012-11-06,5056415510
2.85,EUR,2012-11-07,5056415510
2.88,EUR,2012-11-08,5056415510
2.76,EUR,2012-11-09,5056415510
2.79,EUR,2012-11-12,5056415510
2.82,EUR,2012-11-13,5056415510
2.76,EUR,2012-11-14,5056415510
2.82,EUR,2012-11-15,5056415510
2.85,EUR,2012-11-16,5056415510
2.88,EUR,2012-11-19,5056415510
2.88,EUR,2012-11-20,5056415510
2.91,EUR,2012-11-21,5056415510
2.91,EUR,2012-11-22,5056415510
2.94,EUR,2012-11-23,5056415510
2.97,EUR,2012-11-26,5056415510
3.09,EUR,2012-11-27,5056415510
3.24,EUR,2012-11-28,5056415510
3.54,EUR,2012-11-29,5056415510
3.36,EUR,2012-11-30,5056415510
3.3,EUR,2012-12-03,5056415510
3.45,EUR,2012-12-04,5056415510
3.45,EUR,2012-12-05,5056415510
3.6,EUR,2012-12-06,5056415510
3.66,EUR,2012-12-07,5056415510
3.63,EUR,2012-12-10,5056415510
3.63,EUR,2012-12-11,5056415510
3.66,EUR,2012-12-12,5056415510
3.57,EUR,2012-12-13,5056415510
3.51,EUR,2012-12-14,5056415510
3.45,EUR,2012-12-17,5056415510
3.45,EUR,2012-12-18,5056415510
3.48,EUR,2012-12-19,5056415510
3.42,EUR,2012-12-20,5056415510
3.45,EUR,2012-12-21,5056415510
3.48,EUR,2012-12-24,5056415510
3.42,EUR,2012-12-27,5056415510
3.48,EUR,2012-12-28,5056415510
3.42,EUR,2012-12-31,5056415510
3.57,EUR,2013-01-02,5056415510
3.57,EUR,2013-01-03,5056415510
3.57,EUR,2013-01-04,5056415510
3.84,EUR,2013-01-07,5056415510
4.05,EUR,2013-01-08,5056415510
4.05,EUR,2013-01-09,5056415510
4.17,EUR,2013-01-10,5056415510
4.05,EUR,2013-01-11,5056415510
4.05,EUR,2013-01-14,5056415510
4.17,EUR,2013-01-15,5056415510
4.2,EUR,2013-01-16,5056415510
4.26,EUR,2013-01-17,5056415510
4.2,EUR,2013-01-18,5056415510
4.23,EUR,2013-01-21,5056415510
4.2,EUR,2013-01-22,5056415510
4.11,EUR,2013-01-23,5056415510
4.11,EUR,2013-01-24,5056415510
4.2,EUR,2013-01-25,5056415510
4.32,EUR,2013-01-28,5056415510
4.32,EUR,2013-01-29,5056415510
4.29,EUR,2013-01-30,5056415510
4.29,EUR,2013-01-31,5056415510
4.26,EUR,2013-02-01,5056415510
4.23,EUR,2013-02-04,5056415510
4.17,EUR,2013-02-05,5056415510
4.08,EUR,2013-02-06,5056415510
3.93,EUR,2013-02-07,5056415510
4.05,EUR,2013-02-08,5056415510
3.96,EUR,2013-02-11,5056415510
4.02,EUR,2013-02-12,5056415510
4.08,EUR,2013-02-13,5056415510
4.08,EUR,2013-02-14,5056415510
4.02,EUR,2013-02-15,5056415510
4.02,EUR,2013-02-18,5056415510
4.08,EUR,2013-02-19,5056415510
4.14,EUR,2013-02-20,5056415510
4.02,EUR,2013-02-21,5056415510
4.11,EUR,2013-02-22,5056415510
4.11,EUR,2013-02-25,5056415510
4.05,EUR,2013-02-26,5056415510
3.99,EUR,2013-02-27,5056415510
3.96,EUR,2013-02-28,5056415510
3.93,EUR,2013-03-01,5056415510
4.08,EUR,2013-03-04,5056415510
4.2,EUR,2013-03-05,5056415510
4.29,EUR,2013-03-06,5056415510
4.38,EUR,2013-03-07,5056415510
4.71,EUR,2013-03-08,5056415510
4.95,EUR,2013-03-11,5056415510
5.04,EUR,2013-03-12,5056415510
5.1,EUR,2013-03-13,5056415510
5.1,EUR,2013-03-14,5056415510
4.56,EUR,2013-03-15,5056415510
4.92,EUR,2013-03-18,5056415510
4.89,EUR,2013-03-19,5056415510
4.89,EUR,2013-03-20,5056415510
4.83,EUR,2013-03-21,5056415510
4.86,EUR,2013-03-22,5056415510
4.86,EUR,2013-03-25,5056415510
4.68,EUR,2013-03-26,5056415510
4.5,EUR,2013-03-27,5056415510
4.62,EUR,2013-03-28,5056415510
4.77,EUR,2013-04-02,5056415510
4.83,EUR,2013-04-03,5056415510
4.89,EUR,2013-04-04,5056415510
4.71,EUR,2013-04-05,5056415510
4.68,EUR,2013-04-08,5056415510
4.8,EUR,2013-04-09,5056415510
4.98,EUR,2013-04-10,5056415510
5.04,EUR,2013-04-11,5056415510
4.92,EUR,2013-04-12,5056415510
4.92,EUR,2013-04-15,5056415510
5.13,EUR,2013-04-16,5056415510
4.92,EUR,2013-04-17,5056415510
4.95,EUR,2013-04-18,5056415510
5.01,EUR,2013-04-19,5056415510
4.98,EUR,2013-04-22,5056415510
5.13,EUR,2013-04-23,5056415510
5.07,EUR,2013-04-24,5056415510
5.07,EUR,2013-04-25,5056415510
5.04,EUR,2013-04-26,5056415510
5.1,EUR,2013-04-29,5056415510
5.07,EUR,2013-04-30,5056415510
5.04,EUR,2013-05-01,5056415510
5.1,EUR,2013-05-02,5056415510
5.22,EUR,2013-05-03,5056415510
5.49,EUR,2013-05-07,5056415510
5.52,EUR,2013-05-08,5056415510
5.43,EUR,2013-05-09,5056415510
5.37,EUR,2013-05-10,5056415510
5.37,EUR,2013-05-13,5056415510
5.4,EUR,2013-05-14,5056415510
5.4,EUR,2013-05-15,5056415510
5.37,EUR,2013-05-16,5056415510
5.4,EUR,2013-05-17,5056415510
5.43,EUR,2013-05-20,5056415510
5.52,EUR,2013-05-21,5056415510
5.82,EUR,2013-05-22,5056415510
5.64,EUR,2013-05-23,5056415510
5.67,EUR,2013-05-24,5056415510
5.79,EUR,2013-05-27,5056415510
5.82,EUR,2013-05-28,5056415510
5.67,EUR,2013-05-29,5056415510
5.55,EUR,2013-05-30,5056415510
5.55,EUR,2013-05-31,5056415510
5.49,EUR,2013-06-04,5056415510
5.37,EUR,2013-06-05,5056415510
5.34,EUR,2013-06-06,5056415510
5.4,EUR,2013-06-07,5056415510
5.13,EUR,2013-06-10,5056415510
4.77,EUR,2013-06-11,5056415510
4.83,EUR,2013-06-12,5056415510
4.71,EUR,2013-06-13,5056415510
4.77,EUR,2013-06-14,5056415510
4.56,EUR,2013-06-17,5056415510
4.71,EUR,2013-06-18,5056415510
4.65,EUR,2013-06-19,5056415510
4.53,EUR,2013-06-20,5056415510
4.38,EUR,2013-06-21,5056415510
4.26,EUR,2013-06-24,5056415510
4.53,EUR,2013-06-25,5056415510
4.77,EUR,2013-06-26,5056415510
4.89,EUR,2013-06-27,5056415510
4.71,EUR,2013-06-28,5056415510
4.8,EUR,2013-07-01,5056415510
4.74,EUR,2013-07-02,5056415510
4.62,EUR,2013-07-03,5056415510
4.95,EUR,2013-07-04,5056415510
4.89,EUR,2013-07-05,5056415510
4.98,EUR,2013-07-08,5056415510
5.04,EUR,2013-07-09,5056415510
5.04,EUR,2013-07-10,5056415510
5.04,EUR,2013-07-11,5056415510
5.13,EUR,2013-07-12,5056415510
5.1,EUR,2013-07-15,5056415510
4.89,EUR,2013-07-16,5056415510
4.92,EUR,2013-07-17,5056415510
5.04,EUR,2013-07-18,5056415510
5.01,EUR,2013-07-19,5056415510
4.95,EUR,2013-07-22,5056415510
4.98,EUR,2013-07-23,5056415510
5.19,EUR,2013-07-24,5056415510
5.31,EUR,2013-07-25,5056415510
5.28,EUR,2013-07-26,5056415510
5.25,EUR,2013-07-29,5056415510
5.16,EUR,2013-07-30,5056415510
5.1,EUR,2013-07-31,5056415510
5.49,EUR,2013-08-01,5056415510
5.46,EUR,2013-08-02,5056415510
5.37,EUR,2013-08-05,5056415510
5.4,EUR,2013-08-06,5056415510
5.37,EUR,2013-08-07,5056415510
5.73,EUR,2013-08-08,5056415510
6.09,EUR,2013-08-09,5056415510
6.21,EUR,2013-08-12,5056415510
6.36,EUR,2013-08-13,5056415510
6.24,EUR,2013-08-14,5056415510
6.06,EUR,2013-08-15,5056415510
6.09,EUR,2013-08-16,5056415510
6.09,EUR,2013-08-19,5056415510
6.12,EUR,2013-08-20,5056415510
6.3,EUR,2013-08-21,5056415510
6.75,EUR,2013-08-22,5056415510
6.84,EUR,2013-08-23,5056415510
6.84,EUR,2013-08-26,5056415510
6.75,EUR,2013-08-27,5056415510
6.63,EUR,2013-08-28,5056415510
6.66,EUR,2013-08-29,5056415510
6.63,EUR,2013-08-30,5056415510
6.72,EUR,2013-09-02,5056415510
6.72,EUR,2013-09-03,5056415510
6.63,EUR,2013-09-04,5056415510
6.81,EUR,2013-09-05,5056415510
6.93,EUR,2013-09-06,5056415510
7.05,EUR,2013-09-09,5056415510
6.9,EUR,2013-09-10,5056415510
6.69,EUR,2013-09-11,5056415510
6.69,EUR,2013-09-12,5056415510
6.45,EUR,2013-09-13,5056415510
6.51,EUR,2013-09-16,5056415510
6.39,EUR,2013-09-17,5056415510
6.51,EUR,2013-09-18,5056415510
6.63,EUR,2013-09-19,5056415510
6.57,EUR,2013-09-20,5056415510
6.42,EUR,2013-09-23,5056415510
6.45,EUR,2013-09-24,5056415510
6.42,EUR,2013-09-25,5056415510
6.36,EUR,2013-09-26,5056415510
6.45,EUR,2013-09-27,5056415510
6.3,EUR,2013-09-30,5056415510
6.36,EUR,2013-10-01,5056415510
6.39,EUR,2013-10-02,5056415510
6.54,EUR,2013-10-03,5056415510
6.72,EUR,2013-10-04,5056415510
6.93,EUR,2013-10-07,5056415510
6.66,EUR,2013-10-08,5056415510
6.66,EUR,2013-10-09,5056415510
6.87,EUR,2013-10-10,5056415510
7.02,EUR,2013-10-11,5056415510
6.93,EUR,2013-10-14,5056415510
7.2,EUR,2013-10-15,5056415510
7.62,EUR,2013-10-16,5056415510
7.89,EUR,2013-10-17,5056415510
7.86,EUR,2013-10-18,5056415510
7.77,EUR,2013-10-21,5056415510
7.95,EUR,2013-10-22,5056415510
7.89,EUR,2013-10-23,5056415510
7.86,EUR,2013-10-24,5056415510
7.89,EUR,2013-10-25,5056415510
7.68,EUR,2013-10-28,5056415510
7.71,EUR,2013-10-29,5056415510
7.77,EUR,2013-10-30,5056415510
8.1,EUR,2013-10-31,5056415510
7.68,EUR,2013-11-01,5056415510
7.98,EUR,2013-11-04,5056415510
7.83,EUR,2013-11-05,5056415510
7.89,EUR,2013-11-06,5056415510
7.86,EUR,2013-11-07,5056415510
7.98,EUR,2013-11-08,5056415510
8.01,EUR,2013-11-11,5056415510
8.19,EUR,2013-11-12,5056415510
8.1,EUR,2013-11-13,5056415510
8.01,EUR,2013-11-14,5056415510
8.07,EUR,2013-11-15,5056415510
8.16,EUR,2013-11-18,5056415510
8.04,EUR,2013-11-19,5056415510
7.89,EUR,2013-11-20,5056415510
7.83,EUR,2013-11-21,5056415510
7.98,EUR,2013-11-22,5056415510
8.04,EUR,2013-11-25,5056415510
8.1,EUR,2013-11-26,5056415510
8.13,EUR,2013-11-27,5056415510
8.22,EUR,2013-11-28,5056415510
8.58,EUR,2013-11-29,5056415510
8.31,EUR,2013-12-02,5056415510
8.07,EUR,2013-12-03,5056415510
7.86,EUR,2013-12-04,5056415510
7.74,EUR,2013-12-05,5056415510
7.8,EUR,2013-12-06,5056415510
7.8,EUR,2013-12-09,5056415510
7.83,EUR,2013-12-10,5056415510
7.77,EUR,2013-12-11,5056415510
7.68,EUR,2013-12-12,5056415510
7.89,EUR,2013-12-13,5056415510
7.86,EUR,2013-12-16,5056415510
7.89,EUR,2013-12-17,5056415510
7.83,EUR,2013-12-18,5056415510
7.83,EUR,2013-12-19,5056415510
7.83,EUR,2013-12-20,5056415510
7.83,EUR,2013-12-23,5056415510
7.83,EUR,2013-12-24,5056415510
7.8,EUR,2013-12-27,5056415510
7.65,EUR,2013-12-30,5056415510
7.56,EUR,2013-12-31,5056415510
7.62,EUR,2014-01-02,5056415510
7.59,EUR,2014-01-03,5056415510
7.77,EUR,2014-01-06,5056415510
8.43,EUR,2014-01-07,5056415510
8.73,EUR,2014-01-08,5056415510
8.94,EUR,2014-01-09,5056415510
9.0,EUR,2014-01-10,5056415510
9.42,EUR,2014-01-13,5056415510
9.27,EUR,2014-01-14,5056415510
9.15,EUR,2014-01-15,5056415510
8.97,EUR,2014-01-16,5056415510
8.97,EUR,2014-01-17,5056415510
9.03,EUR,2014-01-20,5056415510
8.97,EUR,2014-01-21,5056415510
8.7,EUR,2014-01-22,5056415510
8.61,EUR,2014-01-23,5056415510
8.58,EUR,2014-01-24,5056415510
8.19,EUR,2014-01-27,5056415510
8.67,EUR,2014-01-28,5056415510
9.21,EUR,2014-01-29,5056415510
9.0,EUR,2014-01-30,5056415510
8.85,EUR,2014-01-31,5056415510
8.76,EUR,2014-02-03,5056415510
8.85,EUR,2014-02-04,5056415510
8.82,EUR,2014-02-05,5056415510
9.03,EUR,2014-02-06,5056415510
9.06,EUR,2014-02-07,5056415510
8.94,EUR,2014-02-10,5056415510
9.06,EUR,2014-02-11,5056415510
9.27,EUR,2014-02-12,5056415510
9.72,EUR,2014-02-13,5056415510
9.87,EUR,2014-02-14,5056415510
10.2,EUR,2014-02-17,5056415510
10.08,EUR,2014-02-18,5056415510
10.14,EUR,2014-02-19,5056415510
10.2,EUR,2014-02-20,5056415510
10.53,EUR,2014-02-21,5056415510
10.92,EUR,2014-02-24,5056415510
10.8,EUR,2014-02-25,5056415510
10.59,EUR,2014-02-26,5056415510
10.74,EUR,2014-02-27,5056415510
11.67,EUR,2014-02-28,5056415510
10.83,EUR,2014-03-03,5056415510
9.72,EUR,2014-03-04,5056415510
9.84,EUR,2014-03-05,5056415510
9.96,EUR,2014-03-06,5056415510
9.42,EUR,2014-03-07,5056415510
9.42,EUR,2014-03-10,5056415510
9.72,EUR,2014-03-11,5056415510
9.45,EUR,2014-03-12,5056415510
9.39,EUR,2014-03-13,5056415510
9.03,EUR,2014-03-14,5056415510
9.27,EUR,2014-03-17,5056415510
9.42,EUR,2014-03-18,5056415510
9.21,EUR,2014-03-19,5056415510
9.12,EUR,2014-03-20,5056415510
9.33,EUR,2014-03-21,5056415510
8.97,EUR,2014-03-24,5056415510
8.85,EUR,2014-03-25,5056415510
8.67,EUR,2014-03-26,5056415510
8.64,EUR,2014-03-27,5056415510
8.91,EUR,2014-03-28,5056415510
9.24,EUR,2014-03-31,5056415510
9.72,EUR,2014-04-01,5056415510
9.6,EUR,2014-04-02,5056415510
9.81,EUR,2014-04-03,5056415510
9.6,EUR,2014-04-04,5056415510
9.3,EUR,2014-04-07,5056415510
9.18,EUR,2014-04-08,5056415510
8.97,EUR,2014-04-09,5056415510
8.49,EUR,2014-04-10,5056415510
8.4,EUR,2014-04-11,5056415510
8.22,EUR,2014-04-14,5056415510
8.01,EUR,2014-04-15,5056415510
8.37,EUR,2014-04-16,5056415510
8.37,EUR,2014-04-17,5056415510
8.67,EUR,2014-04-22,5056415510
8.49,EUR,2014-04-23,5056415510
8.31,EUR,2014-04-24,5056415510
8.13,EUR,2014-04-25,5056415510
8.01,EUR,2014-04-28,5056415510
8.37,EUR,2014-04-29,5056415510
8.49,EUR,2014-04-30,5056415510
8.52,EUR,2014-05-01,5056415510
8.52,EUR,2014-05-02,5056415510
8.22,EUR,2014-05-06,5056415510
8.01,EUR,2014-05-07,5056415510
8.31,EUR,2014-05-08,5056415510
8.1,EUR,2014-05-09,5056415510
8.01,EUR,2014-05-12,5056415510
8.1,EUR,2014-05-13,5056415510
7.71,EUR,2014-05-14,5056415510
7.41,EUR,2014-05-15,5056415510
7.68,EUR,2014-05-16,5056415510
7.74,EUR,2014-05-19,5056415510
7.74,EUR,2014-05-20,5056415510
8.07,EUR,2014-05-21,5056415510
8.34,EUR,2014-05-22,5056415510
8.34,EUR,2014-05-23,5056415510
8.49,EUR,2014-05-26,5056415510
8.4,EUR,2014-05-27,5056415510
8.61,EUR,2014-05-28,5056415510
8.52,EUR,2014-05-29,5056415510
8.46,EUR,2014-05-30,5056415510
8.28,EUR,2014-06-03,5056415510
8.04,EUR,2014-06-04,5056415510
8.1,EUR,2014-06-05,5056415510
8.43,EUR,2014-06-06,5056415510
8.52,EUR,2014-06-09,5056415510
8.25,EUR,2014-06-10,5056415510
7.98,EUR,2014-06-11,5056415510
7.98,EUR,2014-06-12,5056415510
7.98,EUR,2014-06-13,5056415510
7.77,EUR,2014-06-16,5056415510
7.77,EUR,2014-06-17,5056415510
7.71,EUR,2014-06-18,5056415510
7.92,EUR,2014-06-19,5056415510
7.74,EUR,2014-06-20,5056415510
7.53,EUR,2014-06-23,5056415510
7.41,EUR,2014-06-24,5056415510
7.62,EUR,2014-06-25,5056415510
7.5,EUR,2014-06-26,5056415510
7.59,EUR,2014-06-27,5056415510
7.41,EUR,2014-06-30,5056415510
7.56,EUR,2014-07-01,5056415510
7.62,EUR,2014-07-02,5056415510
7.89,EUR,2014-07-03,5056415510
7.71,EUR,2014-07-04,5056415510
7.62,EUR,2014-07-07,5056415510
7.32,EUR,2014-07-08,5056415510
7.38,EUR,2014-07-09,5056415510
7.32,EUR,2014-07-10,5056415510
7.35,EUR,2014-07-11,5056415510
7.41,EUR,2014-07-14,5056415510
7.47,EUR,2014-07-15,5056415510
7.65,EUR,2014-07-16,5056415510
7.53,EUR,2014-07-17,5056415510
7.38,EUR,2014-07-18,5056415510
7.08,EUR,2014-07-21,5056415510
7.29,EUR,2014-07-22,5056415510
7.35,EUR,2014-07-23,5056415510
7.74,EUR,2014-07-24,5056415510
7.83,EUR,2014-07-25,5056415510
7.56,EUR,2014-07-28,5056415510
7.8,EUR,2014-07-29,5056415510
7.98,EUR,2014-07-30,5056415510
7.95,EUR,2014-07-31,5056415510
7.95,EUR,2014-08-01,5056415510
8.01,EUR,2014-08-04,5056415510
7.89,EUR,2014-08-05,5056415510
7.8,EUR,2014-08-06,5056415510
7.77,EUR,2014-08-07,5056415510
7.77,EUR,2014-08-08,5056415510
7.8,EUR,2014-08-11,5056415510
7.74,EUR,2014-08-12,5056415510
8.01,EUR,2014-08-13,5056415510
8.28,EUR,2014-08-14,5056415510
8.34,EUR,2014-08-15,5056415510
8.55,EUR,2014-08-18,5056415510
8.25,EUR,2014-08-19,5056415510
8.4,EUR,2014-08-20,5056415510
8.55,EUR,2014-08-21,5056415510
8.73,EUR,2014-08-22,5056415510
8.73,EUR,2014-08-25,5056415510
8.82,EUR,2014-08-26,5056415510
9.15,EUR,2014-08-27,5056415510
9.09,EUR,2014-08-28,5056415510
9.09,EUR,2014-08-29,5056415510
9.27,EUR,2014-09-01,5056415510
9.24,EUR,2014-09-02,5056415510
9.39,EUR,2014-09-03,5056415510
9.69,EUR,2014-09-04,5056415510
9.81,EUR,2014-09-05,5056415510
9.69,EUR,2014-09-08,5056415510
9.45,EUR,2014-09-09,5056415510
9.36,EUR,2014-09-10,5056415510
9.51,EUR,2014-09-11,5056415510
9.63,EUR,2014-09-12,5056415510
9.48,EUR,2014-09-15,5056415510
9.48,EUR,2014-09-16,5056415510
9.54,EUR,2014-09-17,5056415510
9.75,EUR,2014-09-18,5056415510
9.6,EUR,2014-09-19,5056415510
9.27,EUR,2014-09-22,5056415510
9.15,EUR,2014-09-23,5056415510
9.09,EUR,2014-09-24,5056415510
9.15,EUR,2014-09-25,5056415510
9.3,EUR,2014-09-26,5056415510
9.21,EUR,2014-09-29,5056415510
9.3,EUR,2014-09-30,5056415510
9.18,EUR,2014-10-01,5056415510
8.79,EUR,2014-10-02,5056415510
9.21,EUR,2014-10-03,5056415510
9.27,EUR,2014-10-06,5056415510
8.94,EUR,2014-10-07,5056415510
8.58,EUR,2014-10-08,5056415510
8.4,EUR,2014-10-09,5056415510
8.4,EUR,2014-10-10,5056415510
8.31,EUR,2014-10-13,5056415510
8.64,EUR,2014-10-14,5056415510
8.19,EUR,2014-10-15,5056415510
8.25,EUR,2014-10-16,5056415510
8.61,EUR,2014-10-17,5056415510
8.91,EUR,2014-10-20,5056415510
9.33,EUR,2014-10-21,5056415510
9.42,EUR,2014-10-22,5056415510
9.48,EUR,2014-10-23,5056415510
9.48,EUR,2014-10-24,5056415510
9.27,EUR,2014-10-27,5056415510
9.27,EUR,2014-10-28,5056415510
9.09,EUR,2014-10-29,5056415510
8.88,EUR,2014-10-30,5056415510
9.39,EUR,2014-10-31,5056415510
9.15,EUR,2014-11-03,5056415510
8.94,EUR,2014-11-04,5056415510
9.06,EUR,2014-11-05,5056415510
9.12,EUR,2014-11-06,5056415510
8.94,EUR,2014-11-07,5056415510
8.97,EUR,2014-11-10,5056415510
8.97,EUR,2014-11-11,5056415510
8.64,EUR,2014-11-12,5056415510
8.55,EUR,2014-11-13,5056415510
8.64,EUR,2014-11-14,5056415510
8.85,EUR,2014-11-17,5056415510
8.91,EUR,2014-11-18,5056415510
9.03,EUR,2014-11-19,5056415510
9.09,EUR,2014-11-20,5056415510
9.33,EUR,2014-11-21,5056415510
9.45,EUR,2014-11-24,5056415510
9.75,EUR,2014-11-25,5056415510
9.6,EUR,2014-11-26,5056415510
9.75,EUR,2014-11-27,5056415510
9.9,EUR,2014-11-28,5056415510
9.93,EUR,2014-12-01,5056415510
9.96,EUR,2014-12-02,5056415510
10.11,EUR,2014-12-03,5056415510
9.99,EUR,2014-12-04,5056415510
10.35,EUR,2014-12-05,5056415510
10.56,EUR,2014-12-08,5056415510
10.08,EUR,2014-12-09,5056415510
9.87,EUR,2014-12-10,5056415510
9.99,EUR,2014-12-11,5056415510
9.78,EUR,2014-12-12,5056415510
9.21,EUR,2014-12-15,5056415510
9.51,EUR,2014-12-16,5056415510
9.72,EUR,2014-12-17,5056415510
9.66,EUR,2014-12-18,5056415510
9.45,EUR,2014-12-19,5056415510
9.54,EUR,2014-12-22,5056415510
9.54,EUR,2014-12-23,5056415510
9.54,EUR,2014-12-24,5056415510
9.51,EUR,2014-12-29,5056415510
9.39,EUR,2014-12-30,5056415510
9.39,EUR,2014-12-31,5056415510
9.51,EUR,2015-01-02,5056415510
9.24,EUR,2015-01-05,5056415510
9.12,EUR,2015-01-06,5056415510
9.12,EUR,2015-01-07,5056415510
9.18,EUR,2015-01-08,5056415510
8.76,EUR,2015-01-09,5056415510
8.76,EUR,2015-01-12,5056415510
9.09,EUR,2015-01-13,5056415510
8.94,EUR,2015-01-14,5056415510
9.12,EUR,2015-01-15,5056415510
9.12,EUR,2015-01-16,5056415510
9.09,EUR,2015-01-19,5056415510
9.0,EUR,2015-01-20,5056415510
9.0,EUR,2015-01-21,5056415510
9.18,EUR,2015-01-22,5056415510
8.7,EUR,2015-01-23,5056415510
8.64,EUR,2015-01-26,5056415510
8.43,EUR,2015-01-27,5056415510
7.92,EUR,2015-01-28,5056415510
8.16,EUR,2015-01-29,5056415510
8.04,EUR,2015-01-30,5056415510
8.19,EUR,2015-02-02,5056415510
8.52,EUR,2015-02-03,5056415510
8.67,EUR,2015-02-04,5056415510
8.55,EUR,2015-02-05,5056415510
9.0,EUR,2015-02-06,5056415510
8.91,EUR,2015-02-09,5056415510
9.0,EUR,2015-02-10,5056415510
9.0,EUR,2015-02-11,5056415510
9.06,EUR,2015-02-12,5056415510
9.51,EUR,2015-02-13,5056415510
9.39,EUR,2015-02-16,5056415510
9.42,EUR,2015-02-17,5056415510
9.6,EUR,2015-02-18,5056415510
9.6,EUR,2015-02-19,5056415510
9.63,EUR,2015-02-20,5056415510
9.75,EUR,2015-02-23,5056415510
9.81,EUR,2015-02-24,5056415510
9.66,EUR,2015-02-25,5056415510
9.48,EUR,2015-02-26,5056415510
10.2,EUR,2015-02-27,5056415510
10.41,EUR,2015-03-02,5056415510
10.14,EUR,2015-03-03,5056415510
10.35,EUR,2015-03-04,5056415510
10.35,EUR,2015-03-05,5056415510
10.47,EUR,2015-03-06,5056415510
10.41,EUR,2015-03-09,5056415510
10.02,EUR,2015-03-10,5056415510
10.35,EUR,2015-03-11,5056415510
10.92,EUR,2015-03-12,5056415510
11.16,EUR,2015-03-13,5056415510
11.04,EUR,2015-03-16,5056415510
10.68,EUR,2015-03-17,5056415510
10.68,EUR,2015-03-18,5056415510
10.83,EUR,2015-03-19,5056415510
11.22,EUR,2015-03-20,5056415510
11.34,EUR,2015-03-23,5056415510
11.49,EUR,2015-03-24,5056415510
11.37,EUR,2015-03-25,5056415510
11.1,EUR,2015-03-26,5056415510
11.25,EUR,2015-03-27,5056415510
11.52,EUR,2015-03-30,5056415510
10.62,EUR,2015-03-31,5056415510
10.71,EUR,2015-04-01,5056415510
10.68,EUR,2015-04-02,5056415510
10.95,EUR,2015-04-07,5056415510
11.04,EUR,2015-04-08,5056415510
11.1,EUR,2015-04-09,5056415510
10.83,EUR,2015-04-10,5056415510
10.95,EUR,2015-04-13,5056415510
10.77,EUR,2015-04-14,5056415510
10.86,EUR,2015-04-15,5056415510
10.8,EUR,2015-04-16,5056415510
10.62,EUR,2015-04-17,5056415510
10.5,EUR,2015-04-20,5056415510
10.38,EUR,2015-04-21,5056415510
10.47,EUR,2015-04-22,5056415510
10.47,EUR,2015-04-23,5056415510
10.35,EUR,2015-04-24,5056415510
11.04,EUR,2015-04-27,5056415510
11.07,EUR,2015-04-28,5056415510
10.38,EUR,2015-04-29,5056415510
10.35,EUR,2015-04-30,5056415510
10.23,EUR,2015-05-01,5056415510
10.26,EUR,2015-05-05,5056415510
10.35,EUR,2015-05-06,5056415510
10.41,EUR,2015-05-07,5056415510
10.8,EUR,2015-05-08,5056415510
10.68,EUR,2015-05-11,5056415510
10.41,EUR,2015-05-12,5056415510
10.56,EUR,2015-05-13,5056415510
10.8,EUR,2015-05-14,5056415510
10.89,EUR,2015-05-15,5056415510
10.8,EUR,2015-05-18,5056415510
10.92,EUR,2015-05-19,5056415510
10.92,EUR,2015-05-20,5056415510
10.65,EUR,2015-05-21,5056415510
10.68,EUR,2015-05-22,5056415510
10.68,EUR,2015-05-25,5056415510
10.68,EUR,2015-05-26,5056415510
10.83,EUR,2015-05-27,5056415510
10.71,EUR,2015-05-28,5056415510
10.44,EUR,2015-05-29,5056415510
10.44,EUR,2015-06-02,5056415510
10.41,EUR,2015-06-03,5056415510
10.29,EUR,2015-06-04,5056415510
10.14,EUR,2015-06-05,5056415510
10.2,EUR,2015-06-08,5056415510
10.17,EUR,2015-06-09,5056415510
10.41,EUR,2015-06-10,5056415510
10.77,EUR,2015-06-11,5056415510
10.56,EUR,2015-06-12,5056415510
10.35,EUR,2015-06-15,5056415510
10.44,EUR,2015-06-16,5056415510
10.41,EUR,2015-06-17,5056415510
10.71,EUR,2015-06-18,5056415510
10.77,EUR,2015-06-19,5056415510
10.71,EUR,2015-06-22,5056415510
11.13,EUR,2015-06-23,5056415510
10.95,EUR,2015-06-24,5056415510
11.13,EUR,2015-06-25,5056415510
11.43,EUR,2015-06-26,5056415510
10.8,EUR,2015-06-29,5056415510
10.86,EUR,2015-06-30,5056415510
10.8,EUR,2015-07-01,5056415510
10.8,EUR,2015-07-02,5056415510
10.8,EUR,2015-07-03,5056415510
10.32,EUR,2015-07-06,5056415510
10.29,EUR,2015-07-07,5056415510
10.35,EUR,2015-07-08,5056415510
10.8,EUR,2015-07-09,5056415510
11.13,EUR,2015-07-10,5056415510
11.25,EUR,2015-07-13,5056415510
11.31,EUR,2015-07-14,5056415510
11.07,EUR,2015-07-15,5056415510
11.13,EUR,2015-07-16,5056415510
11.1,EUR,2015-07-17,5056415510
11.25,EUR,2015-07-20,5056415510
11.25,EUR,2015-07-21,5056415510
11.58,EUR,2015-07-22,5056415510
11.43,EUR,2015-07-23,5056415510
11.52,EUR,2015-07-24,5056415510
11.25,EUR,2015-07-27,5056415510
11.4,EUR,2015-07-28,5056415510
11.31,EUR,2015-07-29,5056415510
11.34,EUR,2015-07-30,5056415510
11.49,EUR,2015-07-31,5056415510
11.7,EUR,2015-08-03,5056415510
11.64,EUR,2015-08-04,5056415510
11.52,EUR,2015-08-05,5056415510
11.1,EUR,2015-08-06,5056415510
11.13,EUR,2015-08-07,5056415510
11.19,EUR,2015-08-10,5056415510
11.07,EUR,2015-08-11,5056415510
10.65,EUR,2015-08-12,5056415510
11.01,EUR,2015-08-13,5056415510
10.89,EUR,2015-08-14,5056415510
10.95,EUR,2015-08-17,5056415510
10.89,EUR,2015-08-18,5056415510
10.68,EUR,2015-08-19,5056415510
10.5,EUR,2015-08-20,5056415510
10.38,EUR,2015-08-21,5056415510
9.75,EUR,2015-08-24,5056415510
10.26,EUR,2015-08-25,5056415510
10.32,EUR,2015-08-26,5056415510
10.53,EUR,2015-08-27,5056415510
10.41,EUR,2015-08-28,5056415510
10.65,EUR,2015-08-31,5056415510
10.44,EUR,2015-09-01,5056415510
10.56,EUR,2015-09-02,5056415510
10.56,EUR,2015-09-03,5056415510
10.44,EUR,2015-09-04,5056415510
10.41,EUR,2015-09-07,5056415510
10.5,EUR,2015-09-08,5056415510
10.5,EUR,2015-09-09,5056415510
10.5,EUR,2015-09-10,5056415510
10.5,EUR,2015-09-11,5056415510
10.29,EUR,2015-09-14,5056415510
10.5,EUR,2015-09-15,5056415510
10.44,EUR,2015-09-16,5056415510
10.5,EUR,2015-09-17,5056415510
10.29,EUR,2015-09-18,5056415510
10.35,EUR,2015-09-21,5056415510
9.99,EUR,2015-09-22,5056415510
9.96,EUR,2015-09-23,5056415510
10.02,EUR,2015-09-24,5056415510
10.32,EUR,2015-09-25,5056415510
10.23,EUR,2015-09-28,5056415510
10.05,EUR,2015-09-29,5056415510
10.44,EUR,2015-09-30,5056415510
10.38,EUR,2015-10-01,5056415510
10.38,EUR,2015-10-02,5056415510
10.8,EUR,2015-10-05,5056415510
10.8,EUR,2015-10-06,5056415510
10.65,EUR,2015-10-07,5056415510
10.32,EUR,2015-10-08,5056415510
10.29,EUR,2015-10-09,5056415510
10.35,EUR,2015-10-12,5056415510
10.2,EUR,2015-10-13,5056415510
10.23,EUR,2015-10-14,5056415510
10.68,EUR,2015-10-15,5056415510
10.71,EUR,2015-10-16,5056415510
10.71,EUR,2015-10-19,5056415510
10.83,EUR,2015-10-20,5056415510
10.8,EUR,2015-10-21,5056415510
10.92,EUR,2015-10-22,5056415510
10.65,EUR,2015-10-23,5056415510
10.56,EUR,2015-10-26,5056415510
10.23,EUR,2015-10-27,5056415510
10.35,EUR,2015-10-28,5056415510
10.14,EUR,2015-10-29,5056415510
10.17,EUR,2015-10-30,5056415510
10.2,EUR,2015-11-02,5056415510
10.05,EUR,2015-11-03,5056415510
9.9,EUR,2015-11-04,5056415510
9.63,EUR,2015-11-05,5056415510
9.84,EUR,2015-11-06,5056415510
9.66,EUR,2015-11-09,5056415510
9.69,EUR,2015-11-10,5056415510
9.78,EUR,2015-11-11,5056415510
9.6,EUR,2015-11-12,5056415510
9.45,EUR,2015-11-13,5056415510
9.42,EUR,2015-11-16,5056415510
9.57,EUR,2015-11-17,5056415510
9.45,EUR,2015-11-18,5056415510
9.75,EUR,2015-11-19,5056415510
10.08,EUR,2015-11-20,5056415510
10.5,EUR,2015-11-23,5056415510
10.53,EUR,2015-11-24,5056415510
10.62,EUR,2015-11-25,5056415510
10.8,EUR,2015-11-26,5056415510
10.65,EUR,2015-11-27,5056415510
10.59,EUR,2015-11-30,5056415510
10.53,EUR,2015-12-01,5056415510
10.5,EUR,2015-12-02,5056415510
10.17,EUR,2015-12-03,5056415510
10.23,EUR,2015-12-04,5056415510
10.29,EUR,2015-12-07,5056415510
10.02,EUR,2015-12-08,5056415510
10.02,EUR,2015-12-09,5056415510
10.05,EUR,2015-12-10,5056415510
9.96,EUR,2015-12-11,5056415510
10.05,EUR,2015-12-14,5056415510
10.14,EUR,2015-12-15,5056415510
10.11,EUR,2015-12-16,5056415510
10.08,EUR,2015-12-17,5056415510
9.9,EUR,2015-12-18,5056415510
9.96,EUR,2015-12-21,5056415510
10.17,EUR,2015-12-22,5056415510
10.26,EUR,2015-12-23,5056415510
10.32,EUR,2015-12-24,5056415510
10.29,EUR,2015-12-29,5056415510
10.2,EUR,2015-12-30,5056415510
10.14,EUR,2015-12-31,5056415510
10.05,EUR,2016-01-04,5056415510
9.96,EUR,2016-01-05,5056415510
9.78,EUR,2016-01-06,5056415510
9.6,EUR,2016-01-07,5056415510
9.69,EUR,2016-01-08,5056415510
9.63,EUR,2016-01-11,5056415510
9.75,EUR,2016-01-12,5056415510
9.72,EUR,2016-01-13,5056415510
9.39,EUR,2016-01-14,5056415510
9.18,EUR,2016-01-15,5056415510
9.09,EUR,2016-01-18,5056415510
9.09,EUR,2016-01-19,5056415510
8.58,EUR,2016-01-20,5056415510
8.97,EUR,2016-01-21,5056415510
9.21,EUR,2016-01-22,5056415510
8.88,EUR,2016-01-25,5056415510
9.3,EUR,2016-01-26,5056415510
9.09,EUR,2016-01-27,5056415510
9.0,EUR,2016-01-28,5056415510
9.12,EUR,2016-01-29,5056415510
8.97,EUR,2016-02-01,5056415510
8.64,EUR,2016-02-02,5056415510
8.34,EUR,2016-02-03,5056415510
8.46,EUR,2016-02-04,5056415510
8.49,EUR,2016-02-05,5056415510
7.65,EUR,2016-02-08,5056415510
7.44,EUR,2016-02-09,5056415510
7.86,EUR,2016-02-10,5056415510
7.83,EUR,2016-02-11,5056415510
8.01,EUR,2016-02-12,5056415510
8.19,EUR,2016-02-15,5056415510
7.89,EUR,2016-02-16,5056415510
7.92,EUR,2016-02-17,5056415510
7.68,EUR,2016-02-18,5056415510
7.41,EUR,2016-02-19,5056415510
7.8,EUR,2016-02-22,5056415510
7.26,EUR,2016-02-23,5056415510
7.17,EUR,2016-02-24,5056415510
7.5,EUR,2016-02-25,5056415510
7.8,EUR,2016-02-26,5056415510
7.86,EUR,2016-02-29,5056415510
7.92,EUR,2016-03-01,5056415510
8.19,EUR,2016-03-02,5056415510
8.37,EUR,2016-03-03,5056415510
8.4,EUR,2016-03-04,5056415510
8.13,EUR,2016-03-07,5056415510
8.22,EUR,2016-03-08,5056415510
8.1,EUR,2016-03-09,5056415510
8.1,EUR,2016-03-10,5056415510
8.76,EUR,2016-03-11,5056415510
8.64,EUR,2016-03-14,5056415510
8.1,EUR,2016-03-15,5056415510
7.71,EUR,2016-03-16,5056415510
7.8,EUR,2016-03-17,5056415510
7.83,EUR,2016-03-18,5056415510
7.8,EUR,2016-03-21,5056415510
7.89,EUR,2016-03-22,5056415510
7.89,EUR,2016-03-23,5056415510
7.8,EUR,2016-03-24,5056415510
7.86,EUR,2016-03-29,5056415510
7.8,EUR,2016-03-30,5056415510
7.65,EUR,2016-03-31,5056415510
7.68,EUR,2016-04-01,5056415510
7.8,EUR,2016-04-04,5056415510
7.65,EUR,2016-04-05,5056415510
7.41,EUR,2016-04-06,5056415510
7.29,EUR,2016-04-07,5056415510
7.38,EUR,2016-04-08,5056415510
7.32,EUR,2016-04-11,5056415510
7.35,EUR,2016-04-12,5056415510
7.5,EUR,2016-04-13,5056415510
7.5,EUR,2016-04-14,5056415510
7.26,EUR,2016-04-15,5056415510
7.2,EUR,2016-04-18,5056415510
7.35,EUR,2016-04-19,5056415510
7.53,EUR,2016-04-20,5056415510
7.65,EUR,2016-04-21,5056415510
7.74,EUR,2016-04-22,5056415510
7.89,EUR,2016-04-25,5056415510
7.95,EUR,2016-04-26,5056415510
8.04,EUR,2016-04-27,5056415510
8.1,EUR,2016-04-28,5056415510
7.95,EUR,2016-04-29,5056415510
7.53,EUR,2016-05-03,5056415510
7.41,EUR,2016-05-04,5056415510
7.26,EUR,2016-05-05,5056415510
7.17,EUR,2016-05-06,5056415510
6.99,EUR,2016-05-09,5056415510
7.23,EUR,2016-05-10,5056415510
7.38,EUR,2016-05-11,5056415510
7.23,EUR,2016-05-12,5056415510
7.11,EUR,2016-05-13,5056415510
7.14,EUR,2016-05-16,5056415510
7.05,EUR,2016-05-17,5056415510
7.05,EUR,2016-05-18,5056415510
7.2,EUR,2016-05-19,5056415510
7.41,EUR,2016-05-20,5056415510
7.47,EUR,2016-05-23,5056415510
7.5,EUR,2016-05-24,5056415510
7.89,EUR,2016-05-25,5056415510
7.98,EUR,2016-05-26,5056415510
8.07,EUR,2016-05-27,5056415510
8.16,EUR,2016-05-30,5056415510
8.22,EUR,2016-05-31,5056415510
7.83,EUR,2016-06-01,5056415510
7.86,EUR,2016-06-02,5056415510
7.71,EUR,2016-06-03,5056415510
8.01,EUR,2016-06-07,5056415510
7.71,EUR,2016-06-08,5056415510
7.47,EUR,2016-06-09,5056415510
7.32,EUR,2016-06-10,5056415510
6.96,EUR,2016-06-13,5056415510
6.6,EUR,2016-06-14,5056415510
6.78,EUR,2016-06-15,5056415510
6.57,EUR,2016-06-16,5056415510
7.23,EUR,2016-06-17,5056415510
7.53,EUR,2016-06-20,5056415510
7.56,EUR,2016-06-21,5056415510
7.71,EUR,2016-06-22,5056415510
8.16,EUR,2016-06-23,5056415510
6.45,EUR,2016-06-24,5056415510
5.1,EUR,2016-06-27,5056415510
5.64,EUR,2016-06-28,5056415510
5.55,EUR,2016-06-29,5056415510
5.55,EUR,2016-06-30,5056415510
5.37,EUR,2016-07-01,5056415510
5.52,EUR,2016-07-04,5056415510
5.1,EUR,2016-07-05,5056415510
4.95,EUR,2016-07-06,5056415510
4.98,EUR,2016-07-07,5056415510
5.22,EUR,2016-07-08,5056415510
5.55,EUR,2016-07-11,5056415510
5.76,EUR,2016-07-12,5056415510
5.55,EUR,2016-07-13,5056415510
5.67,EUR,2016-07-14,5056415510
5.7,EUR,2016-07-15,5056415510
5.58,EUR,2016-07-18,5056415510
5.58,EUR,2016-07-19,5056415510
5.79,EUR,2016-07-20,5056415510
6.0,EUR,2016-07-21,5056415510
6.09,EUR,2016-07-22,5056415510
5.79,EUR,2016-07-25,5056415510
5.52,EUR,2016-07-26,5056415510
5.7,EUR,2016-07-27,5056415510
5.7,EUR,2016-07-28,5056415510
5.55,EUR,2016-07-29,5056415510
5.19,EUR,2016-08-01,5056415510
4.74,EUR,2016-08-02,5056415510
4.98,EUR,2016-08-03,5056415510
5.4,EUR,2016-08-04,5056415510
5.49,EUR,2016-08-05,5056415510
5.73,EUR,2016-08-08,5056415510
5.91,EUR,2016-08-09,5056415510
5.7,EUR,2016-08-10,5056415510
5.85,EUR,2016-08-11,5056415510
5.82,EUR,2016-08-12,5056415510
5.79,EUR,2016-08-15,5056415510
5.58,EUR,2016-08-16,5056415510
5.58,EUR,2016-08-17,5056415510
5.46,EUR,2016-08-18,5056415510
5.43,EUR,2016-08-19,5056415510
5.34,EUR,2016-08-22,5056415510
5.55,EUR,2016-08-23,5056415510
5.79,EUR,2016-08-24,5056415510
5.73,EUR,2016-08-25,5056415510
5.73,EUR,2016-08-26,5056415510
5.67,EUR,2016-08-29,5056415510
5.76,EUR,2016-08-30,5056415510
6.06,EUR,2016-08-31,5056415510
6.12,EUR,2016-09-01,5056415510
6.18,EUR,2016-09-02,5056415510
5.91,EUR,2016-09-05,5056415510
5.76,EUR,2016-09-06,5056415510
5.67,EUR,2016-09-07,5056415510
5.97,EUR,2016-09-08,5056415510
5.97,EUR,2016-09-09,5056415510
6.12,EUR,2016-09-12,5056415510
5.91,EUR,2016-09-13,5056415510
5.79,EUR,2016-09-14,5056415510
5.7,EUR,2016-09-15,5056415510
5.64,EUR,2016-09-16,5056415510
5.58,EUR,2016-09-19,5056415510
5.58,EUR,2016-09-20,5056415510
5.58,EUR,2016-09-21,5056415510
5.76,EUR,2016-09-22,5056415510
5.58,EUR,2016-09-23,5056415510
5.28,EUR,2016-09-26,5056415510
5.19,EUR,2016-09-27,5056415510
5.28,EUR,2016-09-28,5056415510
5.31,EUR,2016-09-29,5056415510
5.58,EUR,2016-09-30,5056415510
5.52,EUR,2016-10-03,5056415510
5.4,EUR,2016-10-04,5056415510
5.49,EUR,2016-10-05,5056415510
5.64,EUR,2016-10-06,5056415510
5.49,EUR,2016-10-07,5056415510
5.4,EUR,2016-10-10,5056415510
5.19,EUR,2016-10-11,5056415510
5.19,EUR,2016-10-12,5056415510
5.07,EUR,2016-10-13,5056415510
5.07,EUR,2016-10-14,5056415510
5.16,EUR,2016-10-17,5056415510
5.31,EUR,2016-10-18,5056415510
5.34,EUR,2016-10-19,5056415510
5.73,EUR,2016-10-20,5056415510
5.67,EUR,2016-10-21,5056415510
5.76,EUR,2016-10-24,5056415510
5.76,EUR,2016-10-25,5056415510
5.64,EUR,2016-10-26,5056415510
5.79,EUR,2016-10-27,5056415510
5.88,EUR,2016-10-28,5056415510
5.85,EUR,2016-10-31,5056415510
5.91,EUR,2016-11-01,5056415510
5.7,EUR,2016-11-02,5056415510
5.91,EUR,2016-11-03,5056415510
5.94,EUR,2016-11-04,5056415510
6.0,EUR,2016-11-07,5056415510
6.03,EUR,2016-11-08,5056415510
6.09,EUR,2016-11-09,5056415510
6.33,EUR,2016-11-10,5056415510
6.6,EUR,2016-11-11,5056415510
6.93,EUR,2016-11-14,5056415510
6.75,EUR,2016-11-15,5056415510
6.54,EUR,2016-11-16,5056415510
6.72,EUR,2016-11-17,5056415510
6.54,EUR,2016-11-18,5056415510
6.39,EUR,2016-11-21,5056415510
6.6,EUR,2016-11-22,5056415510
6.33,EUR,2016-11-23,5056415510
6.33,EUR,2016-11-24,5056415510
6.3,EUR,2016-11-25,5056415510
6.15,EUR,2016-11-28,5056415510
6.0,EUR,2016-11-29,5056415510
6.03,EUR,2016-11-30,5056415510
6.45,EUR,2016-12-01,5056415510
6.54,EUR,2016-12-02,5056415510
6.72,EUR,2016-12-05,5056415510
6.93,EUR,2016-12-06,5056415510
7.05,EUR,2016-12-07,5056415510
7.32,EUR,2016-12-08,5056415510
7.11,EUR,2016-12-09,5056415510
6.96,EUR,2016-12-12,5056415510
6.99,EUR,2016-12-13,5056415510
6.9,EUR,2016-12-14,5056415510
7.32,EUR,2016-12-15,5056415510
7.32,EUR,2016-12-16,5056415510
7.08,EUR,2016-12-19,5056415510
7.23,EUR,2016-12-20,5056415510
7.11,EUR,2016-12-21,5056415510
7.29,EUR,2016-12-22,5056415510
7.29,EUR,2016-12-23,5056415510
6.9,EUR,2016-12-28,5056415510
7.08,EUR,2016-12-29,5056415510
7.02,EUR,2016-12-30,5056415510
7.5,EUR,2017-01-03,5056415510
7.83,EUR,2017-01-04,5056415510
7.59,EUR,2017-01-05,5056415510
7.62,EUR,2017-01-06,5056415510
7.47,EUR,2017-01-09,5056415510
7.29,EUR,2017-01-10,5056415510
7.32,EUR,2017-01-11,5056415510
7.2,EUR,2017-01-12,5056415510
7.44,EUR,2017-01-13,5056415510
7.2,EUR,2017-01-16,5056415510
7.35,EUR,2017-01-17,5056415510
7.14,EUR,2017-01-18,5056415510
7.44,EUR,2017-01-19,5056415510
7.5,EUR,2017-01-20,5056415510
7.35,EUR,2017-01-23,5056415510
7.53,EUR,2017-01-24,5056415510
7.83,EUR,2017-01-25,5056415510
7.98,EUR,2017-01-26,5056415510
7.98,EUR,2017-01-27,5056415510
7.59,EUR,2017-01-30,5056415510
7.44,EUR,2017-01-31,5056415510
7.62,EUR,2017-02-01,5056415510
7.44,EUR,2017-02-02,5056415510
7.62,EUR,2017-02-03,5056415510
7.44,EUR,2017-02-06,5056415510
7.2,EUR,2017-02-07,5056415510
7.11,EUR,2017-02-08,5056415510
7.2,EUR,2017-02-09,5056415510
7.32,EUR,2017-02-10,5056415510
7.29,EUR,2017-02-13,5056415510
7.35,EUR,2017-02-14,5056415510
7.5,EUR,2017-02-15,5056415510
7.23,EUR,2017-02-16,5056415510
6.99,EUR,2017-02-17,5056415510
6.99,EUR,2017-02-20,5056415510
6.9,EUR,2017-02-21,5056415510
6.93,EUR,2017-02-22,5056415510
6.99,EUR,2017-02-23,5056415510
6.75,EUR,2017-02-24,5056415510
6.75,EUR,2017-02-27,5056415510
6.72,EUR,2017-02-28,5056415510
6.99,EUR,2017-03-01,5056415510
6.9,EUR,2017-03-02,5056415510
6.99,EUR,2017-03-03,5056415510
6.84,EUR,2017-03-06,5056415510
6.81,EUR,2017-03-07,5056415510
6.96,EUR,2017-03-08,5056415510
7.05,EUR,2017-03-09,5056415510
7.41,EUR,2017-03-10,5056415510
7.35,EUR,2017-03-13,5056415510
7.11,EUR,2017-03-14,5056415510
7.32,EUR,2017-03-15,5056415510
7.23,EUR,2017-03-16,5056415510
7.32,EUR,2017-03-17,5056415510
7.26,EUR,2017-03-20,5056415510
7.2,EUR,2017-03-21,5056415510
6.99,EUR,2017-03-22,5056415510
7.11,EUR,2017-03-23,5056415510
7.05,EUR,2017-03-24,5056415510
7.14,EUR,2017-03-27,5056415510
7.2,EUR,2017-03-28,5056415510
7.11,EUR,2017-03-29,5056415510
7.05,EUR,2017-03-30,5056415510
7.05,EUR,2017-03-31,5056415510
6.78,EUR,2017-04-03,5056415510
6.78,EUR,2017-04-04,5056415510
7.05,EUR,2017-04-05,5056415510
7.29,EUR,2017-04-06,5056415510
7.35,EUR,2017-04-07,5056415510
7.32,EUR,2017-04-10,5056415510
7.17,EUR,2017-04-11,5056415510
7.26,EUR,2017-04-12,5056415510
7.14,EUR,2017-04-13,5056415510
7.17,EUR,2017-04-18,5056415510
7.35,EUR,2017-04-19,5056415510
7.41,EUR,2017-04-20,5056415510
7.32,EUR,2017-04-21,5056415510
7.65,EUR,2017-04-24,5056415510
7.71,EUR,2017-04-25,5056415510
7.5,EUR,2017-04-26,5056415510
7.38,EUR,2017-04-27,5056415510
6.93,EUR,2017-04-28,5056415510
7.14,EUR,2017-05-02,5056415510
7.2,EUR,2017-05-03,5056415510
7.5,EUR,2017-05-04,5056415510
7.77,EUR,2017-05-05,5056415510
7.77,EUR,2017-05-08,5056415510
7.59,EUR,2017-05-09,5056415510
7.59,EUR,2017-05-10,5056415510
7.41,EUR,2017-05-11,5056415510
7.29,EUR,2017-05-12,5056415510
7.29,EUR,2017-05-15,5056415510
7.29,EUR,2017-05-16,5056415510
7.29,EUR,2017-05-17,5056415510
7.08,EUR,2017-05-18,5056415510
7.32,EUR,2017-05-19,5056415510
7.35,EUR,2017-05-22,5056415510
7.35,EUR,2017-05-23,5056415510
7.62,EUR,2017-05-24,5056415510
7.5,EUR,2017-05-25,5056415510
7.35,EUR,2017-05-26,5056415510
7.32,EUR,2017-05-29,5056415510
7.14,EUR,2017-05-30,5056415510
7.23,EUR,2017-05-31,5056415510
7.2,EUR,2017-06-01,5056415510
7.17,EUR,2017-06-02,5056415510
6.96,EUR,2017-06-06,5056415510
6.75,EUR,2017-06-07,5056415510
6.81,EUR,2017-06-08,5056415510
6.9,EUR,2017-06-09,5056415510
6.93,EUR,2017-06-12,5056415510
6.78,EUR,2017-06-13,5056415510
6.72,EUR,2017-06-14,5056415510
6.69,EUR,2017-06-15,5056415510
6.66,EUR,2017-06-16,5056415510
6.81,EUR,2017-06-19,5056415510
6.87,EUR,2017-06-20,5056415510
6.9,EUR,2017-06-21,5056415510
7.11,EUR,2017-06-22,5056415510
6.81,EUR,2017-06-23,5056415510
6.72,EUR,2017-06-26,5056415510
6.72,EUR,2017-06-27,5056415510
6.84,EUR,2017-06-28,5056415510
6.87,EUR,2017-06-29,5056415510
6.9,EUR,2017-06-30,5056415510
7.05,EUR,2017-07-03,5056415510
7.17,EUR,2017-07-04,5056415510
7.14,EUR,2017-07-05,5056415510
7.2,EUR,2017-07-06,5056415510
7.38,EUR,2017-07-07,5056415510
7.4,EUR,2017-07-10,5056415510
7.23,EUR,2017-07-11,5056415510
7.154,EUR,2017-07-12,5056415510
7.194,EUR,2017-07-13,5056415510
7.179,EUR,2017-07-14,5056415510
7.208,EUR,2017-07-17,5056415510
7.0,EUR,2017-07-18,5056415510
6.9,EUR,2017-07-19,5056415510
6.846,EUR,2017-07-20,5056415510
6.92,EUR,2017-07-21,5056415510
6.8,EUR,2017-07-24,5056415510
6.86,EUR,2017-07-25,5056415510
6.902,EUR,2017-07-26,5056415510
6.887,EUR,2017-07-27,5056415510
6.93,EUR,2017-07-28,5056415510
7.05,EUR,2017-07-31,5056415510
7.0,EUR,2017-08-01,5056415510
6.92,EUR,2017-08-02,5056415510
6.821,EUR,2017-08-03,5056415510
7.0,EUR,2017-08-04,5056415510
7.074,EUR,2017-08-07,5056415510
7.098,EUR,2017-08-08,5056415510
7.035,EUR,2017-08-09,5056415510
7.011,EUR,2017-08-10,5056415510
6.985,EUR,2017-08-11,5056415510
7.02,EUR,2017-08-14,5056415510
7.117,EUR,2017-08-15,5056415510
7.183,EUR,2017-08-16,5056415510
7.12,EUR,2017-08-17,5056415510
7.092,EUR,2017-08-18,5056415510
6.99,EUR,2017-08-21,5056415510
7.066,EUR,2017-08-22,5056415510
6.999,EUR,2017-08-23,5056415510
7.01,EUR,2017-08-24,5056415510
7.0,EUR,2017-08-25,5056415510
6.926,EUR,2017-08-28,5056415510
6.889,EUR,2017-08-29,5056415510
6.93,EUR,2017-08-30,5056415510
7.0,EUR,2017-08-31,5056415510
6.955,EUR,2017-09-01,5056415510
6.95,EUR,2017-09-04,5056415510
6.793,EUR,2017-09-05,5056415510
6.791,EUR,2017-09-06,5056415510
6.72,EUR,2017-09-07,5056415510
6.709,EUR,2017-09-08,5056415510
6.81,EUR,2017-09-11,5056415510
6.907,EUR,2017-09-12,5056415510
6.946,EUR,2017-09-13,5056415510
7.01,EUR,2017-09-14,5056415510
6.85,EUR,2017-09-15,5056415510
6.848,EUR,2017-09-18,5056415510
6.84,EUR,2017-09-19,5056415510
6.777,EUR,2017-09-20,5056415510
6.839,EUR,2017-09-21,5056415510
6.772,EUR,2017-09-22,5056415510
6.735,EUR,2017-09-25,5056415510
6.765,EUR,2017-09-26,5056415510
6.825,EUR,2017-09-27,5056415510
6.85,EUR,2017-09-28,5056415510
6.93,EUR,2017-09-29,5056415510
6.945,EUR,2017-10-02,5056415510
6.85,EUR,2017-10-03,5056415510
6.814,EUR,2017-10-04,5056415510
6.81,EUR,2017-10-05,5056415510
6.83,EUR,2017-10-06,5056415510
6.88,EUR,2017-10-09,5056415510
6.835,EUR,2017-10-10,5056415510
6.89,EUR,2017-10-11,5056415510
6.972,EUR,2017-10-12,5056415510
6.921,EUR,2017-10-13,5056415510
6.89,EUR,2017-10-16,5056415510
6.86,EUR,2017-10-17,5056415510
6.78,EUR,2017-10-18,5056415510
6.649,EUR,2017-10-19,5056415510
6.52,EUR,2017-10-20,5056415510
6.58,EUR,2017-10-23,5056415510
6.582,EUR,2017-10-24,5056415510
6.284,EUR,2017-10-25,5056415510
6.62,EUR,2017-10-26,5056415510
6.69,EUR,2017-10-27,5056415510
6.761,EUR,2017-10-30,5056415510
6.728,EUR,2017-10-31,5056415510
6.768,EUR,2017-11-01,5056415510
6.82,EUR,2017-11-02,5056415510
6.728,EUR,2017-11-03,5056415510
6.57,EUR,2017-11-06,5056415510
6.55,EUR,2017-11-07,5056415510
6.55,EUR,2017-11-08,5056415510
6.463,EUR,2017-11-09,5056415510
6.425,EUR,2017-11-10,5056415510
6.371,EUR,2017-11-13,5056415510
6.368,EUR,2017-11-14,5056415510
6.205,EUR,2017-11-15,5056415510
6.35,EUR,2017-11-16,5056415510
6.33,EUR,2017-11-17,5056415510
6.36,EUR,2017-11-20,5056415510
6.287,EUR,2017-11-21,5056415510
6.38,EUR,2017-11-22,5056415510
6.37,EUR,2017-11-23,5056415510
6.36,EUR,2017-11-24,5056415510
6.35,EUR,2017-11-27,5056415510
6.4,EUR,2017-11-28,5056415510
6.58,EUR,2017-11-29,5056415510
6.554,EUR,2017-11-30,5056415510
6.65,EUR,2017-12-01,5056415510
6.745,EUR,2017-12-04,5056415510
6.692,EUR,2017-12-05,5056415510
6.66,EUR,2017-12-06,5056415510
6.786,EUR,2017-12-07,5056415510
6.93,EUR,2017-12-08,5056415510
6.917,EUR,2017-12-11,5056415510
6.935,EUR,2017-12-12,5056415510
6.953,EUR,2017-12-13,5056415510
6.967,EUR,2017-12-14,5056415510
6.976,EUR,2017-12-15,5056415510
7.0,EUR,2017-12-18,5056415510
7.074,EUR,2017-12-19,5056415510
7.041,EUR,2017-12-20,5056415510
7.174,EUR,2017-12-21,5056415510
7.19,EUR,2017-12-22,5056415510
7.144,EUR,2017-12-27,5056415510
7.216,EUR,2017-12-28,5056415510
7.095,EUR,2017-12-29,5056415510
7.195,EUR,2018-01-02,5056415510
7.37,EUR,2018-01-03,5056415510
7.545,EUR,2018-01-04,5056415510
7.735,EUR,2018-01-05,5056415510
7.87,EUR,2018-01-08,5056415510
7.51,EUR,2018-01-09,5056415510
7.825,EUR,2018-01-10,5056415510
7.88,EUR,2018-01-11,5056415510
7.95,EUR,2018-01-12,5056415510
7.885,EUR,2018-01-15,5056415510
7.97,EUR,2018-01-16,5056415510
7.8,EUR,2018-01-17,5056415510
7.79,EUR,2018-01-18,5056415510
8.05,EUR,2018-01-19,5056415510
7.97,EUR,2018-01-22,5056415510
8.14,EUR,2018-01-23,5056415510
7.995,EUR,2018-01-24,5056415510
8.145,EUR,2018-01-25,5056415510
8.15,EUR,2018-01-26,5056415510
8.135,EUR,2018-01-29,5056415510
8.01,EUR,2018-01-30,5056415510
7.86,EUR,2018-01-31,5056415510
7.885,EUR,2018-02-01,5056415510
7.86,EUR,2018-02-02,5056415510
7.83,EUR,2018-02-05,5056415510
7.63,EUR,2018-02-06,5056415510
7.62,EUR,2018-02-07,5056415510
7.64,EUR,2018-02-08,5056415510
7.61,EUR,2018-02-09,5056415510
7.965,EUR,2018-02-12,5056415510
7.58,EUR,2018-02-13,5056415510
7.655,EUR,2018-02-14,5056415510
7.73,EUR,2018-02-15,5056415510
7.785,EUR,2018-02-16,5056415510
7.775,EUR,2018-02-19,5056415510
7.77,EUR,2018-02-20,5056415510
7.8,EUR,2018-02-21,5056415510
7.82,EUR,2018-02-22,5056415510
7.8,EUR,2018-02-23,5056415510
7.54,EUR,2018-02-26,5056415510
7.64,EUR,2018-02-27,5056415510
7.7,EUR,2018-02-28,5056415510
7.68,EUR,2018-03-01,5056415510
7.42,EUR,2018-03-05,5056415510
7.45,EUR,2018-03-06,5056415510
7.445,EUR,2018-03-07,5056415510
7.28,EUR,2018-03-08,5056415510
7.25,EUR,2018-03-09,5056415510
7.28,EUR,2018-03-12,5056415510
7.27,EUR,2018-03-13,5056415510
7.255,EUR,2018-03-14,5056415510
7.19,EUR,2018-03-15,5056415510
7.275,EUR,2018-03-16,5056415510
7.19,EUR,2018-03-19,5056415510
7.135,EUR,2018-03-20,5056415510
7.085,EUR,2018-03-21,5056415510
6.86,EUR,2018-03-22,5056415510
6.92,EUR,2018-03-23,5056415510
6.9,EUR,2018-03-26,5056415510
6.86,EUR,2018-03-27,5056415510
7.095,EUR,2018-03-28,5056415510
7.11,EUR,2018-03-29,5056415510
7.03,EUR,2018-04-03,5056415510
6.97,EUR,2018-04-04,5056415510
7.28,EUR,2018-04-05,5056415510
7.155,EUR,2018-04-06,5056415510
7.2,EUR,2018-04-09,5056415510
7.28,EUR,2018-04-10,5056415510
7.34,EUR,2018-04-11,5056415510
7.48,EUR,2018-04-12,5056415510
7.47,EUR,2018-04-13,5056415510
7.48,EUR,2018-04-16,5056415510
7.53,EUR,2018-04-17,5056415510
7.455,EUR,2018-04-18,5056415510
7.415,EUR,2018-04-19,5056415510
7.39,EUR,2018-04-20,5056415510
7.52,EUR,2018-04-23,5056415510
7.53,EUR,2018-04-24,5056415510
7.455,EUR,2018-04-25,5056415510
7.445,EUR,2018-04-26,5056415510
7.425,EUR,2018-04-27,5056415510
7.45,EUR,2018-04-30,5056415510
7.42,EUR,2018-05-01,5056415510
7.39,EUR,2018-05-02,5056415510
7.19,EUR,2018-05-03,5056415510
7.125,EUR,2018-05-04,5056415510
7.305,EUR,2018-05-08,5056415510
7.49,EUR,2018-05-09,5056415510
7.54,EUR,2018-05-10,5056415510
7.5,EUR,2018-05-11,5056415510
7.45,EUR,2018-05-14,5056415510
7.46,EUR,2018-05-15,5056415510
7.35,EUR,2018-05-16,5056415510
7.42,EUR,2018-05-17,5056415510
7.325,EUR,2018-05-18,5056415510
7.305,EUR,2018-05-21,5056415510
7.445,EUR,2018-05-22,5056415510
7.355,EUR,2018-05-23,5056415510
7.43,EUR,2018-05-24,5056415510
7.43,EUR,2018-05-25,5056415510
7.505,EUR,2018-05-28,5056415510
7.29,EUR,2018-05-29,5056415510
7.37,EUR,2018-05-30,5056415510
7.07,EUR,2018-05-31,5056415510
7.26,EUR,2018-06-01,5056415510
7.3,EUR,2018-06-05,5056415510
7.375,EUR,2018-06-06,5056415510
7.35,EUR,2018-06-07,5056415510
7.22,EUR,2018-06-08,5056415510
7.28,EUR,2018-06-11,5056415510
7.245,EUR,2018-06-12,5056415510
7.1,EUR,2018-06-13,5056415510
7.05,EUR,2018-06-14,5056415510
6.66,EUR,2018-06-15,5056415510
6.7,EUR,2018-06-18,5056415510
6.8,EUR,2018-06-19,5056415510
7.005,EUR,2018-06-20,5056415510
6.98,EUR,2018-06-21,5056415510
6.95,EUR,2018-06-22,5056415510
6.83,EUR,2018-06-25,5056415510
6.695,EUR,2018-06-26,5056415510
6.75,EUR,2018-06-27,5056415510
6.725,EUR,2018-06-28,5056415510
6.685,EUR,2018-06-29,5056415510
6.64,EUR,2018-07-02,5056415510
6.68,EUR,2018-07-03,5056415510
6.67,EUR,2018-07-04,5056415510
6.745,EUR,2018-07-05,5056415510
6.72,EUR,2018-07-06,5056415510
6.7,EUR,2018-07-09,5056415510
6.64,EUR,2018-07-10,5056415510
6.63,EUR,2018-07-11,5056415510
6.73,EUR,2018-07-12,5056415510
6.765,EUR,2018-07-13,5056415510
6.655,EUR,2018-07-16,5056415510
6.72,EUR,2018-07-17,5056415510
6.69,EUR,2018-07-18,5056415510
6.64,EUR,2018-07-19,5056415510
6.73,EUR,2018-07-20,5056415510
6.705,EUR,2018-07-23,5056415510
6.95,EUR,2018-07-24,5056415510
7.08,EUR,2018-07-25,5056415510
7.215,EUR,2018-07-26,5056415510
7.35,EUR,2018-07-27,5056415510
7.205,EUR,2018-07-30,5056415510
7.345,EUR,2018-07-31,5056415510
7.49,EUR,2018-08-01,5056415510
7.415,EUR,2018-08-02,5056415510
7.5,EUR,2018-08-03,5056415510
7.54,EUR,2018-08-06,5056415510
7.53,EUR,2018-08-07,5056415510
7.46,EUR,2018-08-08,5056415510
7.575,EUR,2018-08-09,5056415510
7.59,EUR,2018-08-10,5056415510
7.48,EUR,2018-08-13,5056415510
7.36,EUR,2018-08-14,5056415510
7.1,EUR,2018-08-15,5056415510
7.12,EUR,2018-08-16,5056415510
7.205,EUR,2018-08-17,5056415510
7.265,EUR,2018-08-20,5056415510
7.3,EUR,2018-08-21,5056415510
7.09,EUR,2018-08-22,5056415510
7.1,EUR,2018-08-23,5056415510
7.1,EUR,2018-08-24,5056415510
7.095,EUR,2018-08-27,5056415510
7.1,EUR,2018-08-28,5056415510
7.095,EUR,2018-08-29,5056415510
7.08,EUR,2018-08-30,5056415510
7.04,EUR,2018-08-31,5056415510
7.085,EUR,2018-09-03,5056415510
7.115,EUR,2018-09-04,5056415510
7.145,EUR,2018-09-05,5056415510
7.215,EUR,2018-09-06,5056415510
7.185,EUR,2018-09-07,5056415510
7.35,EUR,2018-09-10,5056415510
7.34,EUR,2018-09-11,5056415510
7.365,EUR,2018-09-12,5056415510
7.37,EUR,2018-09-13,5056415510
7.405,EUR,2018-09-14,5056415510
7.465,EUR,2018-09-17,5056415510
7.52,EUR,2018-09-18,5056415510
7.45,EUR,2018-09-19,5056415510
7.395,EUR,2018-09-20,5056415510
7.28,EUR,2018-09-21,5056415510
7.065,EUR,2018-09-24,5056415510
7.05,EUR,2018-09-25,5056415510
7.015,EUR,2018-09-26,5056415510
6.9,EUR,2018-09-27,5056415510
6.595,EUR,2018-09-28,5056415510
6.49,EUR,2018-10-01,5056415510
6.7,EUR,2018-10-02,5056415510
6.845,EUR,2018-10-03,5056415510
6.935,EUR,2018-10-04,5056415510
6.76,EUR,2018-10-05,5056415510
6.63,EUR,2018-10-08,5056415510
6.62,EUR,2018-10-09,5056415510
6.52,EUR,2018-10-10,5056415510
6.305,EUR,2018-10-11,5056415510
6.4,EUR,2018-10-12,5056415510
6.455,EUR,2018-10-15,5056415510
6.48,EUR,2018-10-16,5056415510
6.425,EUR,2018-10-17,5056415510
6.25,EUR,2018-10-18,5056415510
6.19,EUR,2018-10-19,5056415510
6.255,EUR,2018-10-22,5056415510
6.225,EUR,2018-10-23,5056415510
6.105,EUR,2018-10-24,5056415510
6.265,EUR,2018-10-25,5056415510
6.18,EUR,2018-10-26,5056415510
6.205,EUR,2018-10-29,5056415510
6.255,EUR,2018-10-30,5056415510
6.265,EUR,2018-10-31,5056415510
6.32,EUR,2018-11-01,5056415510
6.24,EUR,2018-11-02,5056415510
6.165,EUR,2018-11-05,5056415510
6.245,EUR,2018-11-06,5056415510
6.3,EUR,2018-11-07,5056415510
6.275,EUR,2018-11-08,5056415510
6.345,EUR,2018-11-09,5056415510
6.165,EUR,2018-11-12,5056415510
6.37,EUR,2018-11-13,5056415510
6.475,EUR,2018-11-14,5056415510
5.965,EUR,2018-11-15,5056415510
5.955,EUR,2018-11-16,5056415510
5.9,EUR,2018-11-19,5056415510
5.735,EUR,2018-11-20,5056415510
5.8,EUR,2018-11-21,5056415510
5.71,EUR,2018-11-22,5056415510
5.83,EUR,2018-11-23,5056415510
5.84,EUR,2018-11-26,5056415510
5.8,EUR,2018-11-27,5056415510
5.6,EUR,2018-11-28,5056415510
5.82,EUR,2018-11-29,5056415510
5.59,EUR,2018-11-30,5056415510
5.54,EUR,2018-12-03,5056415510
5.34,EUR,2018-12-04,5056415510
5.435,EUR,2018-12-05,5056415510
5.25,EUR,2018-12-06,5056415510
5.255,EUR,2018-12-07,5056415510
5.185,EUR,2018-12-10,5056415510
5.1,EUR,2018-12-11,5056415510
5.0,EUR,2018-12-12,5056415510
5.055,EUR,2018-12-13,5056415510
5.105,EUR,2018-12-14,5056415510
4.952,EUR,2018-12-17,5056415510
5.005,EUR,2018-12-18,5056415510
5.16,EUR,2018-12-19,5056415510
4.984,EUR,2018-12-20,5056415510
4.936,EUR,2018-12-21,5056415510
4.992,EUR,2018-12-24,5056415510
4.78,EUR,2018-12-27,5056415510
4.956,EUR,2018-12-28,5056415510
4.86,EUR,2018-12-31,5056415510
4.876,EUR,2019-01-02,5056415510
4.846,EUR,2019-01-03,5056415510
5.09,EUR,2019-01-04,5056415510
4.98,EUR,2019-01-07,5056415510
4.868,EUR,2019-01-08,5056415510
5.0,EUR,2019-01-09,5056415510
5.03,EUR,2019-01-10,5056415510
5.16,EUR,2019-01-11,5056415510
5.205,EUR,2019-01-14,5056415510
5.19,EUR,2019-01-15,5056415510
5.395,EUR,2019-01-16,5056415510
5.36,EUR,2019-01-17,5056415510
5.575,EUR,2019-01-18,5056415510
5.515,EUR,2019-01-21,5056415510
5.545,EUR,2019-01-22,5056415510
5.695,EUR,2019-01-23,5056415510
5.45,EUR,2019-01-24,5056415510
5.6,EUR,2019-01-25,5056415510
5.665,EUR,2019-01-28,5056415510
5.595,EUR,2019-01-29,5056415510
5.505,EUR,2019-01-30,5056415510
5.23,EUR,2019-01-31,5056415510
5.135,EUR,2019-02-01,5056415510
5.25,EUR,2019-02-04,5056415510
5.42,EUR,2019-02-05,5056415510
5.37,EUR,2019-02-06,5056415510
5.11,EUR,2019-02-07,5056415510
5.12,EUR,2019-02-08,5056415510
5.145,EUR,2019-02-11,5056415510
5.225,EUR,2019-02-12,5056415510
5.235,EUR,2019-02-13,5056415510
5.325,EUR,2019-02-14,5056415510
5.465,EUR,2019-02-15,5056415510
5.345,EUR,2019-02-18,5056415510
5.48,EUR,2019-02-19,5056415510
5.485,EUR,2019-02-20,5056415510
5.44,EUR,2019-02-21,5056415510
5.22,EUR,2019-02-22,5056415510
5.1,EUR,2019-02-25,5056415510
5.155,EUR,2019-02-26,5056415510
5.48,EUR,2019-02-27,5056415510
5.715,EUR,2019-02-28,5056415510
5.655,EUR,2019-03-01,5056415510
5.795,EUR,2019-03-04,5056415510
5.865,EUR,2019-03-05,5056415510
5.775,EUR,2019-03-06,5056415510
5.505,EUR,2019-03-07,5056415510
5.38,EUR,2019-03-08,5056415510
5.52,EUR,2019-03-11,5056415510
5.66,EUR,2019-03-12,5056415510
5.725,EUR,2019-03-13,5056415510
5.8,EUR,2019-03-14,5056415510
5.835,EUR,2019-03-15,5056415510
5.85,EUR,2019-03-18,5056415510
5.79,EUR,2019-03-19,5056415510
5.645,EUR,2019-03-20,5056415510
5.37,EUR,2019-03-21,5056415510
5.24,EUR,2019-03-22,5056415510
5.315,EUR,2019-03-25,5056415510
5.295,EUR,2019-03-26,5056415510
5.275,EUR,2019-03-27,5056415510
5.335,EUR,2019-03-28,5056415510
5.31,EUR,2019-03-29,5056415510
5.505,EUR,2019-04-01,5056415510
5.49,EUR,2019-04-02,5056415510
5.605,EUR,2019-04-03,5056415510
5.65,EUR,2019-04-04,5056415510
5.73,EUR,2019-04-05,5056415510
5.62,EUR,2019-04-08,5056415510
5.62,EUR,2019-04-09,5056415510
5.495,EUR,2019-04-10,5056415510
5.57,EUR,2019-04-11,5056415510
5.835,EUR,2019-04-12,5056415510
6.055,EUR,2019-04-15,5056415510
5.96,EUR,2019-04-16,5056415510
6.02,EUR,2019-04-17,5056415510
5.95,EUR,2019-04-18,5056415510
5.875,EUR,2019-04-23,5056415510
5.835,EUR,2019-04-24,5056415510
5.61,EUR,2019-04-25,5056415510
5.575,EUR,2019-04-26,5056415510
5.77,EUR,2019-04-29,5056415510
5.69,EUR,2019-04-30,5056415510
5.655,EUR,2019-05-02,5056415510
5.65,EUR,2019-05-03,5056415510
5.55,EUR,2019-05-06,5056415510
5.615,EUR,2019-05-07,5056415510
5.54,EUR,2019-05-08,5056415510
5.31,EUR,2019-05-09,5056415510
5.3,EUR,2019-05-10,5056415510
5.165,EUR,2019-05-13,5056415510
5.315,EUR,2019-05-14,5056415510
5.32,EUR,2019-05-15,5056415510
5.45,EUR,2019-05-16,5056415510
5.395,EUR,2019-05-17,5056415510
5.29,EUR,2019-05-20,5056415510
5.245,EUR,2019-05-21,5056415510
5.085,EUR,2019-05-22,5056415510
4.846,EUR,2019-05-23,5056415510
4.836,EUR,2019-05-24,5056415510
4.732,EUR,2019-05-27,5056415510
4.876,EUR,2019-05-28,5056415510
4.782,EUR,2019-05-29,5056415510
4.776,EUR,2019-05-30,5056415510
4.802,EUR,2019-05-31,5056415510
4.744,EUR,2019-06-03,5056415510
4.796,EUR,2019-06-04,5056415510
4.814,EUR,2019-06-05,5056415510
4.596,EUR,2019-06-06,5056415510
4.65,EUR,2019-06-07,5056415510
4.88,EUR,2019-06-10,5056415510
4.79,EUR,2019-06-11,5056415510
4.7,EUR,2019-06-12,5056415510
4.638,EUR,2019-06-13,5056415510
4.63,EUR,2019-06-14,5056415510
4.594,EUR,2019-06-17,5056415510
4.578,EUR,2019-06-18,5056415510
4.696,EUR,2019-06-19,5056415510
4.658,EUR,2019-06-20,5056415510
4.552,EUR,2019-06-21,5056415510
4.42,EUR,2019-06-24,5056415510
4.55,EUR,2019-06-25,5056415510
4.51,EUR,2019-06-26,5056415510
4.68,EUR,2019-06-27,5056415510
4.596,EUR,2019-06-28,5056415510
4.68,EUR,2019-07-01,5056415510
4.584,EUR,2019-07-02,5056415510
4.706,EUR,2019-07-03,5056415510
4.75,EUR,2019-07-04,5056415510
4.782,EUR,2019-07-05,5056415510
4.598,EUR,2019-07-08,5056415510
4.676,EUR,2019-07-09,5056415510
4.654,EUR,2019-07-10,5056415510
4.706,EUR,2019-07-11,5056415510
4.622,EUR,2019-07-12,5056415510
4.604,EUR,2019-07-15,5056415510
4.59,EUR,2019-07-16,5056415510
4.516,EUR,2019-07-17,5056415510
4.47,EUR,2019-07-18,5056415510
4.346,EUR,2019-07-19,5056415510
4.286,EUR,2019-07-22,5056415510
4.342,EUR,2019-07-23,5056415510
4.33,EUR,2019-07-24,5056415510
4.488,EUR,2019-07-25,5056415510
4.354,EUR,2019-07-26,5056415510
4.182,EUR,2019-07-29,5056415510
4.028,EUR,2019-07-30,5056415510
4.0,EUR,2019-07-31,5056415510
3.898,EUR,2019-08-01,5056415510
3.802,EUR,2019-08-02,5056415510
3.748,EUR,2019-08-05,5056415510
3.626,EUR,2019-08-06,5056415510
3.402,EUR,2019-08-07,5056415510
3.53,EUR,2019-08-08,5056415510
3.33,EUR,2019-08-09,5056415510
3.184,EUR,2019-08-12,5056415510
3.2,EUR,2019-08-13,5056415510
3.16,EUR,2019-08-14,5056415510
3.132,EUR,2019-08-15,5056415510
3.32,EUR,2019-08-16,5056415510
3.29,EUR,2019-08-19,5056415510
3.244,EUR,2019-08-20,5056415510
3.316,EUR,2019-08-21,5056415510
3.518,EUR,2019-08-22,5056415510
3.452,EUR,2019-08-23,5056415510
3.44,EUR,2019-08-26,5056415510
3.45,EUR,2019-08-27,5056415510
3.44,EUR,2019-08-28,5056415510
3.516,EUR,2019-08-29,5056415510
3.462,EUR,2019-08-30,5056415510
3.49,EUR,2019-09-02,5056415510
3.436,EUR,2019-09-03,5056415510
3.54,EUR,2019-09-04,5056415510
3.84,EUR,2019-09-05,5056415510
3.848,EUR,2019-09-06,5056415510
3.8,EUR,2019-09-09,5056415510
4.062,EUR,2019-09-10,5056415510
4.06,EUR,2019-09-11,5056415510
3.892,EUR,2019-09-12,5056415510
4.046,EUR,2019-09-13,5056415510
3.89,EUR,2019-09-16,5056415510
3.62,EUR,2019-09-17,5056415510
3.492,EUR,2019-09-18,5056415510
3.676,EUR,2019-09-19,5056415510
3.652,EUR,2019-09-20,5056415510
3.46,EUR,2019-09-23,5056415510
3.55,EUR,2019-09-24,5056415510
3.432,EUR,2019-09-25,5056415510
3.394,EUR,2019-09-26,5056415510
3.58,EUR,2019-09-27,5056415510
3.64,EUR,2019-09-30,5056415510
3.69,EUR,2019-10-01,5056415510
3.6,EUR,2019-10-02,5056415510
3.704,EUR,2019-10-03,5056415510
3.592,EUR,2019-10-04,5056415510
3.67,EUR,2019-10-07,5056415510
3.614,EUR,2019-10-08,5056415510
3.654,EUR,2019-10-09,5056415510
3.794,EUR,2019-10-10,5056415510
4.22,EUR,2019-10-11,5056415510
4.156,EUR,2019-10-14,5056415510
4.43,EUR,2019-10-15,5056415510
4.476,EUR,2019-10-16,5056415510
4.438,EUR,2019-10-17,5056415510
4.338,EUR,2019-10-18,5056415510
4.452,EUR,2019-10-21,5056415510
4.264,EUR,2019-10-22,5056415510
4.342,EUR,2019-10-23,5056415510
4.186,EUR,2019-10-24,5056415510
4.198,EUR,2019-10-25,5056415510
4.242,EUR,2019-10-28,5056415510
4.212,EUR,2019-10-29,5056415510
4.338,EUR,2019-10-30,5056415510
4.312,EUR,2019-10-31,5056415510
4.344,EUR,2019-11-01,5056415510
4.496,EUR,2019-11-04,5056415510
4.574,EUR,2019-11-05,5056415510
4.438,EUR,2019-11-06,5056415510
4.564,EUR,2019-11-07,5056415510
4.47,EUR,2019-11-08,5056415510
4.49,EUR,2019-11-11,5056415510
4.504,EUR,2019-11-12,5056415510
4.35,EUR,2019-11-13,5056415510
4.35,EUR,2019-11-14,5056415510
4.382,EUR,2019-11-15,5056415510
4.35,EUR,2019-11-18,5056415510
4.306,EUR,2019-11-19,5056415510
4.3,EUR,2019-11-20,5056415510
4.118,EUR,2019-11-21,5056415510
4.26,EUR,2019-11-22,5056415510
4.424,EUR,2019-11-25,5056415510
4.56,EUR,2019-11-26,5056415510
4.672,EUR,2019-11-27,5056415510
4.71,EUR,2019-11-28,5056415510
4.56,EUR,2019-11-29,5056415510
4.614,EUR,2019-12-02,5056415510
4.506,EUR,2019-12-03,5056415510
4.646,EUR,2019-12-04,5056415510
4.732,EUR,2019-12-05,5056415510
4.792,EUR,2019-12-06,5056415510
4.806,EUR,2019-12-09,5056415510
4.742,EUR,2019-12-10,5056415510
4.758,EUR,2019-12-11,5056415510
4.982,EUR,2019-12-12,5056415510
5.055,EUR,2019-12-13,5056415510
5.105,EUR,2019-12-16,5056415510
4.91,EUR,2019-12-17,5056415510
4.854,EUR,2019-12-18,5056415510
4.876,EUR,2019-12-19,5056415510
4.978,EUR,2019-12-20,5056415510
4.898,EUR,2019-12-23,5056415510
4.91,EUR,2019-12-24,5056415510
4.928,EUR,2019-12-27,5056415510
4.888,EUR,2019-12-30,5056415510
4.882,EUR,2019-12-31,5056415510
5.015,EUR,2020-01-02,5056415510
5.075,EUR,2020-01-03,5056415510
4.916,EUR,2020-01-06,5056415510
4.936,EUR,2020-01-07,5056415510
4.932,EUR,2020-01-08,5056415510
4.976,EUR,2020-01-09,5056415510
4.784,EUR,2020-01-10,5056415510
4.718,EUR,2020-01-13,5056415510
4.67,EUR,2020-01-14,5056415510
4.65,EUR,2020-01-15,5056415510
4.632,EUR,2020-01-16,5056415510
4.71,EUR,2020-01-17,5056415510
4.648,EUR,2020-01-20,5056415510
4.562,EUR,2020-01-21,5056415510
4.55,EUR,2020-01-22,5056415510
4.56,EUR,2020-01-23,5056415510
4.562,EUR,2020-01-24,5056415510
4.46,EUR,2020-01-27,5056415510
4.538,EUR,2020-01-28,5056415510
4.69,EUR,2020-01-29,5056415510
4.608,EUR,2020-01-30,5056415510
4.414,EUR,2020-01-31,5056415510
4.49,EUR,2020-02-03,5056415510
4.59,EUR,2020-02-04,5056415510
4.544,EUR,2020-02-05,5056415510
4.314,EUR,2020-02-06,5056415510
4.286,EUR,2020-02-07,5056415510
3.93,EUR,2020-02-10,5056415510
3.86,EUR,2020-02-11,5056415510
4.176,EUR,2020-02-12,5056415510
4.146,EUR,2020-02-13,5056415510
4.122,EUR,2020-02-14,5056415510
4.126,EUR,2020-02-17,5056415510
3.998,EUR,2020-02-18,5056415510
4.0,EUR,2020-02-19,5056415510
3.978,EUR,2020-02-20,5056415510
3.97,EUR,2020-02-21,5056415510
3.764,EUR,2020-02-24,5056415510
3.6,EUR,2020-02-25,5056415510
3.586,EUR,2020-02-26,5056415510
3.42,EUR,2020-02-27,5056415510
3.356,EUR,2020-02-28,5056415510
3.28,EUR,2020-03-02,5056415510
3.196,EUR,2020-03-03,5056415510
3.21,EUR,2020-03-04,5056415510
3.15,EUR,2020-03-05,5056415510
3.08,EUR,2020-03-06,5056415510
2.596,EUR,2020-03-09,5056415510
2.664,EUR,2020-03-10,5056415510
2.738,EUR,2020-03-11,5056415510
2.314,EUR,2020-03-12,5056415510
2.318,EUR,2020-03-13,5056415510
2.1,EUR,2020-03-16,5056415510
2.044,EUR,2020-03-17,5056415510
1.842,EUR,2020-03-18,5056415510
1.738,EUR,2020-03-19,5056415510
1.777,EUR,2020-03-20,5056415510
1.65,EUR,2020-03-23,5056415510
1.764,EUR,2020-03-24,5056415510
1.96,EUR,2020-03-25,5056415510
2.088,EUR,2020-03-26,5056415510
1.951,EUR,2020-03-27,5056415510
1.793,EUR,2020-03-30,5056415510
1.724,EUR,2020-03-31,5056415510
1.665,EUR,2020-04-01,5056415510
1.686,EUR,2020-04-02,5056415510
1.605,EUR,2020-04-03,5056415510
1.671,EUR,2020-04-06,5056415510
1.758,EUR,2020-04-07,5056415510
1.723,EUR,2020-04-08,5056415510
1.73,EUR,2020-04-09,5056415510
1.608,EUR,2020-04-14,5056415510
1.36,EUR,2020-04-15,5056415510
1.353,EUR,2020-04-16,5056415510
1.417,EUR,2020-04-17,5056415510
1.368,EUR,2020-04-20,5056415510
1.33,EUR,2020-04-21,5056415510
1.366,EUR,2020-04-22,5056415510
1.55,EUR,2020-04-23,5056415510
1.52,EUR,2020-04-24,5056415510
1.55,EUR,2020-04-27,5056415510
1.787,EUR,2020-04-28,5056415510
1.964,EUR,2020-04-29,5056415510
1.843,EUR,2020-04-30,5056415510
1.726,EUR,2020-05-04,5056415510
1.694,EUR,2020-05-05,5056415510
1.622,EUR,2020-05-06,5056415510
1.637,EUR,2020-05-07,5056415510
1.644,EUR,2020-05-08,5056415510
1.399,EUR,2020-05-11,5056415510
1.389,EUR,2020-05-12,5056415510
1.335,EUR,2020-05-13,5056415510
1.424,EUR,2020-05-14,5056415510
1.445,EUR,2020-05-15,5056415510
1.54,EUR,2020-05-18,5056415510
1.558,EUR,2020-05-19,5056415510
1.632,EUR,2020-05-20,5056415510
1.482,EUR,2020-05-21,5056415510
1.525,EUR,2020-05-22,5056415510
1.477,EUR,2020-05-25,5056415510
1.677,EUR,2020-05-26,5056415510
1.797,EUR,2020-05-27,5056415510
1.706,EUR,2020-05-28,5056415510
1.617,EUR,2020-05-29,5056415510
1.67,EUR,2020-06-01,5056415510
1.64,EUR,2020-06-02,5056415510
1.69,EUR,2020-06-03,5056415510
1.74,EUR,2020-06-04,5056415510
1.885,EUR,2020-06-05,5056415510
2.024,EUR,2020-06-08,5056415510
1.866,EUR,2020-06-09,5056415510
1.748,EUR,2020-06-10,5056415510
1.622,EUR,2020-06-11,5056415510
1.647,EUR,2020-06-12,5056415510
1.652,EUR,2020-06-15,5056415510
1.84,EUR,2020-06-16,5056415510
1.766,EUR,2020-06-17,5056415510
1.8,EUR,2020-06-18,5056415510
1.783,EUR,2020-06-19,5056415510
1.718,EUR,2020-06-22,5056415510
1.86,EUR,2020-06-23,5056415510
1.748,EUR,2020-06-24,5056415510
1.779,EUR,2020-06-25,5056415510
1.7,EUR,2020-06-26,5056415510
1.838,EUR,2020-06-29,5056415510
1.825,EUR,2020-06-30,5056415510
1.807,EUR,2020-07-01,5056415510
1.83,EUR,2020-07-02,5056415510
1.786,EUR,2020-07-03,5056415510
1.905,EUR,2020-07-06,5056415510
1.867,EUR,2020-07-07,5056415510
1.802,EUR,2020-07-08,5056415510
1.695,EUR,2020-07-09,5056415510
1.76,EUR,2020-07-10,5056415510
1.745,EUR,2020-07-13,5056415510
1.76,EUR,2020-07-14,5056415510
1.825,EUR,2020-07-15,5056415510
1.808,EUR,2020-07-16,5056415510
1.843,EUR,2020-07-17,5056415510
1.829,EUR,2020-07-20,5056415510
1.925,EUR,2020-07-21,5056415510
1.83,EUR,2020-07-22,5056415510
1.826,EUR,2020-07-23,5056415510
1.793,EUR,2020-07-24,5056415510
1.77,EUR,2020-07-27,5056415510
1.845,EUR,2020-07-28,5056415510
1.874,EUR,2020-07-29,5056415510
1.784,EUR,2020-07-30,5056415510
1.75,EUR,2020-07-31,5056415510
1.831,EUR,2020-08-03,5056415510
1.838,EUR,2020-08-04,5056415510
1.981,EUR,2020-08-05,5056415510
1.86,EUR,2020-08-06,5056415510
1.86,EUR,2020-08-07,5056415510
1.94,EUR,2020-08-10,5056415510
2.08,EUR,2020-08-11,5056415510
1.995,EUR,2020-08-12,5056415510
1.96,EUR,2020-08-13,5056415510
1.946,EUR,2020-08-14,5056415510
1.886,EUR,2020-08-17,5056415510
1.909,EUR,2020-08-18,5056415510
1.938,EUR,2020-08-19,5056415510
1.839,EUR,2020-08-20,5056415510
1.823,EUR,2020-08-21,5056415510
1.855,EUR,2020-08-24,5056415510
1.915,EUR,2020-08-25,5056415510
1.936,EUR,2020-08-26,5056415510
1.924,EUR,2020-08-27,5056415510
1.992,EUR,2020-08-28,5056415510
1.886,EUR,2020-08-31,5056415510
1.93,EUR,2020-09-01,5056415510
1.87,EUR,2020-09-02,5056415510
1.948,EUR,2020-09-03,5056415510
2.032,EUR,2020-09-04,5056415510
2.032,EUR,2020-09-07,5056415510
1.905,EUR,2020-09-08,5056415510
1.958,EUR,2020-09-09,5056415510
1.908,EUR,2020-09-10,5056415510
1.824,EUR,2020-09-11,5056415510
1.811,EUR,2020-09-14,5056415510
1.854,EUR,2020-09-15,5056415510
1.844,EUR,2020-09-16,5056415510
1.785,EUR,2020-09-17,5056415510
1.735,EUR,2020-09-18,5056415510
1.67,EUR,2020-09-21,5056415510
1.633,EUR,2020-09-22,5056415510
1.575,EUR,2020-09-23,5056415510
1.56,EUR,2020-09-24,5056415510
1.585,EUR,2020-09-25,5056415510
1.685,EUR,2020-09-28,5056415510
1.586,EUR,2020-09-29,5056415510
1.584,EUR,2020-09-30,5056415510
1.653,EUR,2020-10-01,5056415510
1.622,EUR,2020-10-02,5056415510
1.62,EUR,2020-10-05,5056415510
1.753,EUR,2020-10-06,5056415510
1.755,EUR,2020-10-07,5056415510
1.82,EUR,2020-10-08,5056415510
1.876,EUR,2020-10-09,5056415510
1.908,EUR,2020-10-12,5056415510
1.823,EUR,2020-10-13,5056415510
1.88,EUR,2020-10-14,5056415510
1.868,EUR,2020-10-15,5056415510
1.846,EUR,2020-10-16,5056415510
1.837,EUR,2020-10-19,5056415510
1.837,EUR,2020-10-20,5056415510
1.879,EUR,2020-10-21,5056415510
1.894,EUR,2020-10-22,5056415510
1.992,EUR,2020-10-23,5056415510
1.978,EUR,2020-10-26,5056415510
1.956,EUR,2020-10-27,5056415510
1.982,EUR,2020-10-28,5056415510
2.062,EUR,2020-10-29,5056415510
2.108,EUR,2020-10-30,5056415510
2.102,EUR,2020-11-02,5056415510
2.204,EUR,2020-11-03,5056415510
2.204,EUR,2020-11-04,5056415510
2.188,EUR,2020-11-05,5056415510
2.096,EUR,2020-11-06,5056415510
2.42,EUR,2020-11-09,5056415510
2.546,EUR,2020-11-10,5056415510
2.456,EUR,2020-11-11,5056415510
2.356,EUR,2020-11-12,5056415510
2.45,EUR,2020-11-13,5056415510
2.61,EUR,2020-11-16,5056415510
2.63,EUR,2020-11-17,5056415510
2.664,EUR,2020-11-18,5056415510
2.582,EUR,2020-11-19,5056415510
2.646,EUR,2020-11-20,5056415510
2.754,EUR,2020-11-23,5056415510
2.846,EUR,2020-11-24,5056415510
2.818,EUR,2020-11-25,5056415510
2.7,EUR,2020-11-26,5056415510
2.712,EUR,2020-11-27,5056415510
2.638,EUR,2020-11-30,5056415510
2.87,EUR,2020-12-01,5056415510
2.972,EUR,2020-12-02,5056415510
3.066,EUR,2020-12-03,5056415510
3.004,EUR,2020-12-04,5056415510
2.866,EUR,2020-12-07,5056415510
2.914,EUR,2020-12-08,5056415510
2.958,EUR,2020-12-09,5056415510
2.88,EUR,2020-12-10,5056415510
2.838,EUR,2020-12-11,5056415510
3.02,EUR,2020-12-14,5056415510
3.168,EUR,2020-12-15,5056415510
3.204,EUR,2020-12-16,5056415510
3.298,EUR,2020-12-17,5056415510
3.27,EUR,2020-12-18,5056415510
3.216,EUR,2020-12-21,5056415510
3.3,EUR,2020-12-22,5056415510
3.444,EUR,2020-12-23,5056415510
3.428,EUR,2020-12-24,5056415510
3.392,EUR,2020-12-29,5056415510
3.31,EUR,2020-12-30,5056415510
3.3,EUR,2020-12-31,5056415510
3.308,EUR,2021-01-04,5056415510
3.41,EUR,2021-01-05,5056415510
3.6,EUR,2021-01-06,5056415510
3.686,EUR,2021-01-07,5056415510
3.576,EUR,2021-01-08,5056415510
3.388,EUR,2021-01-11,5056415510
3.41,EUR,2021-01-12,5056415510
3.426,EUR,2021-01-13,5056415510
3.414,EUR,2021-01-14,5056415510
3.416,EUR,2021-01-15,5056415510
3.426,EUR,2021-01-18,5056415510
3.364,EUR,2021-01-19,5056415510
3.344,EUR,2021-01-20,5056415510
3.3,EUR,2021-01-21,5056415510
3.214,EUR,2021-01-22,5056415510
3.102,EUR,2021-01-25,5056415510
3.144,EUR,2021-01-26,5056415510
2.956,EUR,2021-01-27,5056415510
3.134,EUR,2021-01-28,5056415510
3.08,EUR,2021-01-29,5056415510
3.13,EUR,2021-02-01,5056415510
3.314,EUR,2021-02-02,5056415510
3.326,EUR,2021-02-03,5056415510
3.29,EUR,2021-02-04,5056415510
3.282,EUR,2021-02-05,5056415510
3.348,EUR,2021-02-08,5056415510
3.368,EUR,2021-02-09,5056415510
3.39,EUR,2021-02-10,5056415510
3.274,EUR,2021-02-11,5056415510
3.3,EUR,2021-02-12,5056415510
3.414,EUR,2021-02-15,5056415510
3.4,EUR,2021-02-16,5056415510
3.386,EUR,2021-02-17,5056415510
3.27,EUR,2021-02-18,5056415510
3.374,EUR,2021-02-19,5056415510
3.35,EUR,2021-02-22,5056415510
3.414,EUR,2021-02-23,5056415510
3.532,EUR,2021-02-24,5056415510
3.522,EUR,2021-02-25,5056415510
3.38,EUR,2021-02-26,5056415510
3.516,EUR,2021-03-01,5056415510
3.494,EUR,2021-03-02,5056415510
3.542,EUR,2021-03-03,5056415510
3.44,EUR,2021-03-04,5056415510
3.52,EUR,2021-03-05,5056415510
3.71,EUR,2021-03-08,5056415510
3.85,EUR,2021-03-09,5056415510
3.84,EUR,2021-03-10,5056415510
3.9,EUR,2021-03-11,5056415510
3.998,EUR,2021-03-12,5056415510
4.03,EUR,2021-03-15,5056415510
4.046,EUR,2021-03-16,5056415510
4.032,EUR,2021-03-17,5056415510
4.142,EUR,2021-03-18,5056415510
4.098,EUR,2021-03-19,5056415510
4.106,EUR,2021-03-22,5056415510
4.122,EUR,2021-03-23,5056415510
4.144,EUR,2021-03-24,5056415510
4.2,EUR,2021-03-25,5056415510
4.236,EUR,2021-03-26,5056415510
4.16,EUR,2021-03-29,5056415510
4.32,EUR,2021-03-30,5056415510
4.23,EUR,2021-03-31,5056415510
4.246,EUR,2021-04-01,5056415510
4.212,EUR,2021-04-06,5056415510
4.211,EUR,2021-04-07,5056415510
4.186,EUR,2021-04-08,5056415510
4.165,EUR,2021-04-09,5056415510
4.259,EUR,2021-04-12,5056415510
4.223,EUR,2021-04-13,5056415510
4.186,EUR,2021-04-14,5056415510
4.033,EUR,2021-04-15,5056415510
4.37,EUR,2021-04-16,5056415510
4.37,EUR,2021-04-19,5056415510
4.241,EUR,2021-04-20,5056415510
4.265,EUR,2021-04-21,5056415510
4.345,EUR,2021-04-22,5056415510
4.382,EUR,2021-04-23,5056415510
4.554,EUR,2021-04-26,5056415510
4.674,EUR,2021-04-27,5056415510
4.803,EUR,2021-04-28,5056415510
4.81,EUR,2021-04-29,5056415510
4.882,EUR,2021-04-30,5056415510
4.673,EUR,2021-05-04,5056415510
4.892,EUR,2021-05-05,5056415510
4.934,EUR,2021-05-06,5056415510
5.028,EUR,2021-05-07,5056415510
5.26,EUR,2021-05-10,5056415510
5.158,EUR,2021-05-11,5056415510
5.216,EUR,2021-05-12,5056415510
5.174,EUR,2021-05-13,5056415510
5.28,EUR,2021-05-14,5056415510
5.186,EUR,2021-05-17,5056415510
5.096,EUR,2021-05-18,5056415510
5.078,EUR,2021-05-19,5056415510
5.068,EUR,2021-05-20,5056415510
5.16,EUR,2021-05-21,5056415510
5.168,EUR,2021-05-24,5056415510
5.24,EUR,2021-05-25,5056415510
5.158,EUR,2021-05-26,5056415510
5.364,EUR,2021-05-27,5056415510
5.32,EUR,2021-05-28,5056415510
5.244,EUR,2021-05-31,5056415510
5.364,EUR,2021-06-01,5056415510
5.424,EUR,2021-06-02,5056415510
5.376,EUR,2021-06-03,5056415510
5.25,EUR,2021-06-04,5056415510
5.35,EUR,2021-06-07,5056415510
5.14,EUR,2021-06-08,5056415510
5.184,EUR,2021-06-09,5056415510
5.178,EUR,2021-06-10,5056415510
5.096,EUR,2021-06-11,5056415510
5.13,EUR,2021-06-14,5056415510
5.118,EUR,2021-06-15,5056415510
5.012,EUR,2021-06-16,5056415510
5.018,EUR,2021-06-17,5056415510
4.665,EUR,2021-06-18,5056415510
4.577,EUR,2021-06-21,5056415510
4.49,EUR,2021-06-22,5056415510
4.402,EUR,2021-06-23,5056415510
4.552,EUR,2021-06-24,5056415510
4.602,EUR,2021-06-25,5056415510
4.457,EUR,2021-06-28,5056415510
4.6,EUR,2021-06-29,5056415510
4.517,EUR,2021-06-30,5056415510
4.6,EUR,2021-07-01,5056415510
4.589,EUR,2021-07-02,5056415510
4.692,EUR,2021-07-05,5056415510
4.461,EUR,2021-07-06,5056415510
4.519,EUR,2021-07-07,5056415510
4.275,EUR,2021-07-08,5056415510
4.419,EUR,2021-07-09,5056415510
4.353,EUR,2021-07-12,5056415510
4.265,EUR,2021-07-13,5056415510
4.27,EUR,2021-07-14,5056415510
4.219,EUR,2021-07-15,5056415510
4.094,EUR,2021-07-16,5056415510
3.968,EUR,2021-07-19,5056415510
4.046,EUR,2021-07-20,5056415510
4.104,EUR,2021-07-21,5056415510
4.105,EUR,2021-07-22,5056415510
4.246,EUR,2021-07-23,5056415510
4.38,EUR,2021-07-26,5056415510
4.362,EUR,2021-07-27,5056415510
4.399,EUR,2021-07-28,5056415510
4.461,EUR,2021-07-29,5056415510
4.476,EUR,2021-07-30,5056415510
4.48,EUR,2021-08-02,5056415510
4.83,EUR,2021-08-03,5056415510
4.882,EUR,2021-08-04,5056415510
4.906,EUR,2021-08-05,5056415510
5.104,EUR,2021-08-06,5056415510
5.12,EUR,2021-08-09,5056415510
5.048,EUR,2021-08-10,5056415510
5.242,EUR,2021-08-11,5056415510
5.254,EUR,2021-08-12,5056415510
5.3,EUR,2021-08-13,5056415510
5.232,EUR,2021-08-16,5056415510
5.074,EUR,2021-08-17,5056415510
5.144,EUR,2021-08-18,5056415510
5.062,EUR,2021-08-19,5056415510
5.126,EUR,2021-08-20,5056415510
5.108,EUR,2021-08-23,5056415510
5.106,EUR,2021-08-24,5056415510
5.3,EUR,2021-08-25,5056415510
5.286,EUR,2021-08-26,5056415510
5.29,EUR,2021-08-27,5056415510
5.22,EUR,2021-08-30,5056415510
5.326,EUR,2021-08-31,5056415510
5.286,EUR,2021-09-01,5056415510
5.234,EUR,2021-09-02,5056415510
5.254,EUR,2021-09-03,5056415510
5.28,EUR,2021-09-06,5056415510
5.216,EUR,2021-09-07,5056415510
4.999,EUR,2021-09-08,5056415510
5.006,EUR,2021-09-09,5056415510
4.986,EUR,2021-09-10,5056415510
4.989,EUR,2021-09-13,5056415510
4.946,EUR,2021-09-14,5056415510
4.916,EUR,2021-09-15,5056415510
5.008,EUR,2021-09-16,5056415510
4.969,EUR,2021-09-17,5056415510
4.86,EUR,2021-09-20,5056415510
4.756,EUR,2021-09-21,5056415510
5.036,EUR,2021-09-22,5056415510
5.058,EUR,2021-09-23,5056415510
5.036,EUR,2021-09-24,5056415510
5.132,EUR,2021-09-27,5056415510
5.01,EUR,2021-09-28,5056415510
5.11,EUR,2021-09-29,5056415510
5.108,EUR,2021-09-30,5056415510
4.981,EUR,2021-10-01,5056415510
4.953,EUR,2021-10-04,5056415510
5.114,EUR,2021-10-05,5056415510
5.1,EUR,2021-10-06,5056415510
5.118,EUR,2021-10-07,5056415510
5.066,EUR,2021-10-08,5056415510
5.032,EUR,2021-10-11,5056415510
5.002,EUR,2021-10-12,5056415510
4.986,EUR,2021-10-13,5056415510
5.072,EUR,2021-10-14,5056415510
5.27,EUR,2021-10-15,5056415510
5.272,EUR,2021-10-18,5056415510
5.234,EUR,2021-10-19,5056415510
5.11,EUR,2021-10-20,5056415510
5.05,EUR,2021-10-21,5056415510
5.22,EUR,2021-10-22,5056415510
5.31,EUR,2021-10-25,5056415510
5.25,EUR,2021-10-26,5056415510
5.102,EUR,2021-10-27,5056415510
5.12,EUR,2021-10-28,5056415510
5.162,EUR,2021-10-29,5056415510
5.162,EUR,2021-11-01,5056415510
5.148,EUR,2021-11-02,5056415510
5.186,EUR,2021-11-03,5056415510
5.152,EUR,2021-11-04,5056415510
5.252,EUR,2021-11-05,5056415510
5.32,EUR,2021-11-08,5056415510
5.23,EUR,2021-11-09,5056415510
5.226,EUR,2021-11-10,5056415510
5.232,EUR,2021-11-11,5056415510
5.15,EUR,2021-11-12,5056415510
5.162,EUR,2021-11-15,5056415510
5.18,EUR,2021-11-16,5056415510
5.076,EUR,2021-11-17,5056415510
5.178,EUR,2021-11-18,5056415510
4.977,EUR,2021-11-19,5056415510
5.078,EUR,2021-11-22,5056415510
5.086,EUR,2021-11-23,5056415510
5.1,EUR,2021-11-24,5056415510
5.08,EUR,2021-11-25,5056415510
4.716,EUR,2021-11-26,5056415510
4.775,EUR,2021-11-29,5056415510
4.813,EUR,2021-11-30,5056415510
4.937,EUR,2021-12-01,5056415510
4.956,EUR,2021-12-02,5056415510
4.791,EUR,2021-12-03,5056415510
4.938,EUR,2021-12-06,5056415510
5.016,EUR,2021-12-07,5056415510
5.03,EUR,2021-12-08,5056415510
4.952,EUR,2021-12-09,5056415510
4.914,EUR,2021-12-10,5056415510
4.847,EUR,2021-12-13,5056415510
4.921,EUR,2021-12-14,5056415510
4.849,EUR,2021-12-15,5056415510
5.06,EUR,2021-12-16,5056415510
4.926,EUR,2021-12-17,5056415510
4.812,EUR,2021-12-20,5056415510
4.876,EUR,2021-12-21,5056415510
5.048,EUR,2021-12-22,5056415510
5.176,EUR,2021-12-23,5056415510
5.082,EUR,2021-12-24,5056415510
5.164,EUR,2021-12-29,5056415510
5.056,EUR,2021-12-30,5056415510
4.986,EUR,2021-12-31,5056415510
5.3,EUR,2022-01-04,5056415510
5.284,EUR,2022-01-05,5056415510
5.4,EUR,2022-01-06,5056415510
5.502,EUR,2022-01-07,5056415510
5.508,EUR,2022-01-10,5056415510
5.548,EUR,2022-01-11,5056415510
5.802,EUR,2022-01-12,5056415510
5.83,EUR,2022-01-13,5056415510
5.84,EUR,2022-01-14,5056415510
5.936,EUR,2022-01-17,5056415510
5.982,EUR,2022-01-18,5056415510
5.98,EUR,2022-01-19,5056415510
5.848,EUR,2022-01-20,5056415510
5.636,EUR,2022-01-21,5056415510
5.526,EUR,2022-01-24,5056415510
5.604,EUR,2022-01-25,5056415510
5.712,EUR,2022-01-26,5056415510
5.798,EUR,2022-01-27,5056415510
5.826,EUR,2022-01-28,5056415510
5.962,EUR,2022-01-31,5056415510
6.162,EUR,2022-02-01,5056415510
6.172,EUR,2022-02-02,5056415510
6.254,EUR,2022-02-03,5056415510
6.408,EUR,2022-02-04,5056415510
6.55,EUR,2022-02-07,5056415510
6.738,EUR,2022-02-08,5056415510
6.892,EUR,2022-02-09,5056415510
6.92,EUR,2022-02-10,5056415510
6.866,EUR,2022-02-11,5056415510
6.574,EUR,2022-02-14,5056415510
6.654,EUR,2022-02-15,5056415510
6.446,EUR,2022-02-16,5056415510
6.29,EUR,2022-02-17,5056415510
6.338,EUR,2022-02-18,5056415510
6.19,EUR,2022-02-21,5056415510
6.078,EUR,2022-02-22,5056415510
5.814,EUR,2022-02-23,5056415510
5.53,EUR,2022-02-24,5056415510
5.834,EUR,2022-02-25,5056415510
5.908,EUR,2022-02-28,5056415510
5.628,EUR,2022-03-01,5056415510
5.7,EUR,2022-03-02,5056415510
5.65,EUR,2022-03-03,5056415510
5.398,EUR,2022-03-04,5056415510
5.032,EUR,2022-03-07,5056415510
5.126,EUR,2022-03-08,5056415510
5.55,EUR,2022-03-09,5056415510
5.532,EUR,2022-03-10,5056415510
5.73,EUR,2022-03-11,5056415510
5.85,EUR,2022-03-14,5056415510
5.694,EUR,2022-03-15,5056415510
5.988,EUR,2022-03-16,5056415510
5.868,EUR,2022-03-17,5056415510
5.798,EUR,2022-03-18,5056415510
5.744,EUR,2022-03-21,5056415510
5.874,EUR,2022-03-22,5056415510
5.844,EUR,2022-03-23,5056415510
5.728,EUR,2022-03-24,5056415510
5.69,EUR,2022-03-25,5056415510
5.8,EUR,2022-03-28,5056415510
6.292,EUR,2022-03-29,5056415510
5.916,EUR,2022-03-30,5056415510
5.808,EUR,2022-03-31,5056415510
5.87,EUR,2022-04-01,5056415510
5.94,EUR,2022-04-04,5056415510
5.662,EUR,2022-04-05,5056415510
5.682,EUR,2022-04-06,5056415510
5.64,EUR,2022-04-07,5056415510
5.79,EUR,2022-04-08,5056415510
5.918,EUR,2022-04-11,5056415510
6.018,EUR,2022-04-12,5056415510
6.08,EUR,2022-04-13,5056415510
6.152,EUR,2022-04-14,5056415510
6.242,EUR,2022-04-19,5056415510
6.258,EUR,2022-04-20,5056415510
6.554,EUR,2022-04-21,5056415510
6.77,EUR,2022-04-22,5056415510
6.694,EUR,2022-04-25,5056415510
6.7,EUR,2022-04-26,5056415510
5.866,EUR,2022-04-27,5056415510
5.998,EUR,2022-04-28,5056415510
5.8,EUR,2022-04-29,5056415510
5.802,EUR,2022-05-03,5056415510
5.74,EUR,2022-05-04,5056415510
5.726,EUR,2022-05-05,5056415510
5.544,EUR,2022-05-06,5056415510
5.436,EUR,2022-05-09,5056415510
5.382,EUR,2022-05-10,5056415510
5.454,EUR,2022-05-11,5056415510
5.264,EUR,2022-05-12,5056415510
5.372,EUR,2022-05-13,5056415510
5.468,EUR,2022-05-16,5056415510
5.542,EUR,2022-05-17,5056415510
5.632,EUR,2022-05-18,5056415510
5.652,EUR,2022-05-19,5056415510
5.864,EUR,2022-05-20,5056415510
6.156,EUR,2022-05-23,5056415510
6.364,EUR,2022-05-24,5056415510
6.4,EUR,2022-05-25,5056415510
6.4,EUR,2022-05-26,5056415510
6.354,EUR,2022-05-27,5056415510
6.444,EUR,2022-05-30,5056415510
6.298,EUR,2022-05-31,5056415510
6.258,EUR,2022-06-01,5056415510
6.21,EUR,2022-06-02,5056415510
6.112,EUR,2022-06-03,5056415510
6.3,EUR,2022-06-06,5056415510
6.28,EUR,2022-06-07,5056415510
6.33,EUR,2022-06-08,5056415510
6.548,EUR,2022-06-09,5056415510
6.052,EUR,2022-06-10,5056415510
6.012,EUR,2022-06-13,5056415510
6.048,EUR,2022-06-14,5056415510
6.266,EUR,2022-06-15,5056415510
6.176,EUR,2022-06-16,5056415510
6.48,EUR,2022-06-17,5056415510
6.5,EUR,2022-06-20,5056415510
6.528,EUR,2022-06-21,5056415510
6.67,EUR,2022-06-22,5056415510
6.168,EUR,2022-06-23,5056415510
6.384,EUR,2022-06-24,5056415510
6.226,EUR,2022-06-27,5056415510
6.298,EUR,2022-06-28,5056415510
6.214,EUR,2022-06-29,5056415510
6.032,EUR,2022-06-30,5056415510
6.056,EUR,2022-07-01,5056415510
6.224,EUR,2022-07-04,5056415510
6.024,EUR,2022-07-05,5056415510
5.63,EUR,2022-07-06,5056415510
5.882,EUR,2022-07-07,5056415510
5.964,EUR,2022-07-08,5056415510
5.9,EUR,2022-07-11,5056415510
5.8,EUR,2022-07-12,5056415510
5.738,EUR,2022-07-13,5056415510
5.52,EUR,2022-07-14,5056415510
5.548,EUR,2022-07-15,5056415510
5.6,EUR,2022-07-18,5056415510
5.854,EUR,2022-07-19,5056415510
5.866,EUR,2022-07-20,5056415510
5.938,EUR,2022-07-21,5056415510
5.744,EUR,2022-07-22,5056415510
5.594,EUR,2022-07-25,5056415510
5.472,EUR,2022-07-26,5056415510
5.572,EUR,2022-07-27,5056415510
5.494,EUR,2022-07-28,5056415510
5.582,EUR,2022-07-29,5056415510
5.632,EUR,2022-08-01,5056415510
5.704,EUR,2022-08-02,5056415510
6.008,EUR,2022-08-03,5056415510
5.998,EUR,2022-08-04,5056415510
5.876,EUR,2022-08-05,5056415510
5.924,EUR,2022-08-08,5056415510
5.918,EUR,2022-08-09,5056415510
5.864,EUR,2022-08-10,5056415510
5.794,EUR,2022-08-11,5056415510
5.97,EUR,2022-08-12,5056415510
5.854,EUR,2022-08-15,5056415510
5.98,EUR,2022-08-16,5056415510
6.006,EUR,2022-08-17,5056415510
6.006,EUR,2022-08-18,5056415510
5.834,EUR,2022-08-19,5056415510
5.758,EUR,2022-08-22,5056415510
5.738,EUR,2022-08-23,5056415510
5.824,EUR,2022-08-24,5056415510
5.804,EUR,2022-08-25,5056415510
5.728,EUR,2022-08-26,5056415510
5.802,EUR,2022-08-29,5056415510
5.978,EUR,2022-08-30,5056415510
6.162,EUR,2022-08-31,5056415510
6.008,EUR,2022-09-01,5056415510
6.2,EUR,2022-09-02,5056415510
6.216,EUR,2022-09-05,5056415510
6.312,EUR,2022-09-06,5056415510
6.148,EUR,2022-09-07,5056415510
6.63,EUR,2022-09-08,5056415510
7.08,EUR,2022-09-09,5056415510
7.07,EUR,2022-09-12,5056415510
6.968,EUR,2022-09-13,5056415510
6.992,EUR,2022-09-14,5056415510
7.406,EUR,2022-09-15,5056415510
7.0,EUR,2022-09-16,5056415510
7.304,EUR,2022-09-19,5056415510
7.176,EUR,2022-09-20,5056415510
7.324,EUR,2022-09-21,5056415510
7.554,EUR,2022-09-22,5056415510
7.484,EUR,2022-09-23,5056415510
7.148,EUR,2022-09-26,5056415510
7.034,EUR,2022-09-27,5056415510
6.696,EUR,2022-09-28,5056415510
6.266,EUR,2022-09-29,5056415510
6.586,EUR,2022-09-30,5056415510
6.794,EUR,2022-10-03,5056415510
7.328,EUR,2022-10-04,5056415510
7.15,EUR,2022-10-05,5056415510
7.246,EUR,2022-10-06,5056415510
7.204,EUR,2022-10-07,5056415510
7.264,EUR,2022-10-10,5056415510
7.148,EUR,2022-10-11,5056415510
7.146,EUR,2022-10-12,5056415510
7.5,EUR,2022-10-13,5056415510
7.638,EUR,2022-10-14,5056415510
7.724,EUR,2022-10-17,5056415510
7.588,EUR,2022-10-18,5056415510
7.4,EUR,2022-10-19,5056415510
7.438,EUR,2022-10-20,5056415510
7.266,EUR,2022-10-21,5056415510
7.35,EUR,2022-10-24,5056415510
7.27,EUR,2022-10-25,5056415510
7.246,EUR,2022-10-26,5056415510
7.072,EUR,2022-10-27,5056415510
7.228,EUR,2022-10-28,5056415510
7.296,EUR,2022-10-31,5056415510
7.484,EUR,2022-11-01,5056415510
7.508,EUR,2022-11-02,5056415510
7.714,EUR,2022-11-03,5056415510
7.558,EUR,2022-11-04,5056415510
7.33,EUR,2022-11-07,5056415510
7.366,EUR,2022-11-08,5056415510
7.39,EUR,2022-11-09,5056415510
7.306,EUR,2022-11-10,5056415510
7.268,EUR,2022-11-11,5056415510
7.28,EUR,2022-11-14,5056415510
7.546,EUR,2022-11-15,5056415510
7.582,EUR,2022-11-16,5056415510
7.604,EUR,2022-11-17,5056415510
7.602,EUR,2022-11-18,5056415510
7.642,EUR,2022-11-21,5056415510
7.7,EUR,2022-11-22,5056415510
7.518,EUR,2022-11-23,5056415510
7.374,EUR,2022-11-24,5056415510
7.26,EUR,2022-11-25,5056415510
7.174,EUR,2022-11-28,5056415510
7.47,EUR,2022-11-29,5056415510
7.808,EUR,2022-11-30,5056415510
7.61,EUR,2022-12-01,5056415510
7.622,EUR,2022-12-02,5056415510
7.792,EUR,2022-12-05,5056415510
7.976,EUR,2022-12-06,5056415510
8.056,EUR,2022-12-07,5056415510
8.05,EUR,2022-12-08,5056415510
8.018,EUR,2022-12-09,5056415510
7.746,EUR,2022-12-12,5056415510
7.902,EUR,2022-12-13,5056415510
7.816,EUR,2022-12-14,5056415510
7.86,EUR,2022-12-15,5056415510
8.408,EUR,2022-12-16,5056415510
8.362,EUR,2022-12-19,5056415510
8.58,EUR,2022-12-20,5056415510
8.708,EUR,2022-12-21,5056415510
8.838,EUR,2022-12-22,5056415510
8.826,EUR,2022-12-23,5056415510
8.948,EUR,2022-12-28,5056415510
8.91,EUR,2022-12-29,5056415510
8.9,EUR,2022-12-30,5056415510
9.156,EUR,2023-01-03,5056415510
9.306,EUR,2023-01-04,5056415510
9.338,EUR,2023-01-05,5056415510
9.51,EUR,2023-01-06,5056415510
9.396,EUR,2023-01-09,5056415510
9.554,EUR,2023-01-10,5056415510
9.208,EUR,2023-01-11,5056415510
9.15,EUR,2023-01-12,5056415510
9.112,EUR,2023-01-13,5056415510
8.962,EUR,2023-01-16,5056415510
9.134,EUR,2023-01-17,5056415510
9.134,EUR,2023-01-18,5056415510
9.048,EUR,2023-01-19,5056415510
9.22,EUR,2023-01-20,5056415510
9.24,EUR,2023-01-23,5056415510
9.464,EUR,2023-01-24,5056415510
9.55,EUR,2023-01-25,5056415510
9.8,EUR,2023-01-26,5056415510
9.822,EUR,2023-01-27,5056415510
9.812,EUR,2023-01-30,5056415510
9.786,EUR,2023-01-31,5056415510
9.942,EUR,2023-02-01,5056415510
9.47,EUR,2023-02-02,5056415510
9.566,EUR,2023-02-03,5056415510
9.544,EUR,2023-02-06,5056415510
9.626,EUR,2023-02-07,5056415510
9.65,EUR,2023-02-08,5056415510
9.856,EUR,2023-02-09,5056415510
9.66,EUR,2023-02-10,5056415510
9.686,EUR,2023-02-13,5056415510
9.884,EUR,2023-02-14,5056415510
9.79,EUR,2023-02-15,5056415510
9.814,EUR,2023-02-16,5056415510
9.776,EUR,2023-02-17,5056415510
10.055,EUR,2023-02-20,5056415510
10.075,EUR,2023-02-21,5056415510
9.836,EUR,2023-02-22,5056415510
9.646,EUR,2023-02-23,5056415510
9.89,EUR,2023-02-24,5056415510
10.165,EUR,2023-02-27,5056415510
10.43,EUR,2023-02-28,5056415510
10.29,EUR,2023-03-01,5056415510
10.34,EUR,2023-03-02,5056415510
10.28,EUR,2023-03-03,5056415510
10.435,EUR,2023-03-06,5056415510
10.69,EUR,2023-03-07,5056415510
10.495,EUR,2023-03-08,5056415510
10.165,EUR,2023-03-09,5056415510
9.878,EUR,2023-03-10,5056415510
9.23,EUR,2023-03-13,5056415510
9.598,EUR,2023-03-14,5056415510
8.834,EUR,2023-03-15,5056415510
9.048,EUR,2023-03-16,5056415510
8.948,EUR,2023-03-17,5056415510
9.258,EUR,2023-03-20,5056415510
9.884,EUR,2023-03-21,5056415510
9.85,EUR,2023-03-22,5056415510
9.48,EUR,2023-03-23,5056415510
8.972,EUR,2023-03-24,5056415510
9.016,EUR,2023-03-27,5056415510
9.224,EUR,2023-03-28,5056415510
9.332,EUR,2023-03-29,5056415510
9.46,EUR,2023-03-30,5056415510
9.324,EUR,2023-03-31,5056415510
9.054,EUR,2023-04-03,5056415510
9.188,EUR,2023-04-04,5056415510
9.166,EUR,2023-04-05,5056415510
9.39,EUR,2023-04-06,5056415510
9.448,EUR,2023-04-11,5056415510
9.358,EUR,2023-04-12,5056415510
9.496,EUR,2023-04-13,5056415510
9.676,EUR,2023-04-14,5056415510
9.256,EUR,2023-04-17,5056415510
9.602,EUR,2023-04-18,5056415510
9.876,EUR,2023-04-19,5056415510
9.694,EUR,2023-04-20,5056415510
9.634,EUR,2023-04-21,5056415510
9.658,EUR,2023-04-24,5056415510
9.694,EUR,2023-04-25,5056415510
9.82,EUR,2023-04-26,5056415510
9.682,EUR,2023-04-27,5056415510
9.37,EUR,2023-04-28,5056415510
9.434,EUR,2023-05-02,5056415510
8.964,EUR,2023-05-03,5056415510
8.664,EUR,2023-05-04,5056415510
8.91,EUR,2023-05-05,5056415510
9.262,EUR,2023-05-08,5056415510
9.57,EUR,2023-05-09,5056415510
9.52,EUR,2023-05-10,5056415510
8.884,EUR,2023-05-11,5056415510
8.99,EUR,2023-05-12,5056415510
9.176,EUR,2023-05-15,5056415510
9.21,EUR,2023-05-16,5056415510
9.174,EUR,2023-05-17,5056415510
9.202,EUR,2023-05-18,5056415510
8.99,EUR,2023-05-19,5056415510
8.956,EUR,2023-05-22,5056415510
9.2,EUR,2023-05-23,5056415510
8.838,EUR,2023-05-24,5056415510
8.84,EUR,2023-05-25,5056415510
8.82,EUR,2023-05-26,5056415510
8.986,EUR,2023-05-29,5056415510
8.578,EUR,2023-05-30,5056415510
8.794,EUR,2023-05-31,5056415510
8.976,EUR,2023-06-01,5056415510
9.15,EUR,2023-06-02,5056415510
9.196,EUR,2023-06-05,5056415510
9.136,EUR,2023-06-06,5056415510
9.244,EUR,2023-06-07,5056415510
9.336,EUR,2023-06-08,5056415510
9.198,EUR,2023-06-09,5056415510
9.152,EUR,2023-06-12,5056415510
9.144,EUR,2023-06-13,5056415510
9.41,EUR,2023-06-14,5056415510
9.388,EUR,2023-06-15,5056415510
9.372,EUR,2023-06-16,5056415510
9.542,EUR,2023-06-19,5056415510
9.55,EUR,2023-06-20,5056415510
9.52,EUR,2023-06-21,5056415510
9.312,EUR,2023-06-22,5056415510
8.692,EUR,2023-06-23,5056415510
8.614,EUR,2023-06-26,5056415510
8.56,EUR,2023-06-27,5056415510
8.51,EUR,2023-06-28,5056415510
8.698,EUR,2023-06-29,5056415510
8.738,EUR,2023-06-30,5056415510
9.106,EUR,2023-07-03,5056415510
9.148,EUR,2023-07-04,5056415510
9.178,EUR,2023-07-05,5056415510
8.998,EUR,2023-07-06,5056415510
8.954,EUR,2023-07-07,5056415510
9.02,EUR,2023-07-10,5056415510
8.9,EUR,2023-07-11,5056415510
9.024,EUR,2023-07-12,5056415510
9.108,EUR,2023-07-13,5056415510
9.11,EUR,2023-07-14,5056415510
9.248,EUR,2023-07-17,5056415510
9.316,EUR,2023-07-18,5056415510
9.474,EUR,2023-07-19,5056415510
9.358,EUR,2023-07-20,5056415510
9.46,EUR,2023-07-21,5056415510
