Date,BID,ASK,RIC
2019-03-25,97.767,98.161,TR197070552=
2019-03-26,95.575,96.575,TR197070552=
2019-04-02,96.5,97.5,TR197070552=
2019-04-03,96.98,98.07,TR197070552=
2019-04-04,97.5,98.5,TR197070552=
2019-04-05,97.95,99.16,TR197070552=
2019-04-08,97.55,98.67,TR197070552=
2019-04-09,97.25,98.44,TR197070552=
2019-04-10,97.22,98.54,TR197070552=
2019-04-11,96.85,98.26,TR197070552=
2019-04-12,97.5,98.5,TR197070552=
2019-04-15,94.17,95.33,TR197070552=
2019-04-16,94.793,95.493,TR197070552=
2019-04-17,95.398,96.098,TR197070552=
2019-04-18,95.122,95.822,TR197070552=
2019-04-19,95.25,96.25,TR197070552=
2019-04-22,95.25,96.25,TR197070552=
2019-04-23,95.301,96.001,TR197070552=
2019-04-24,95.025,95.596,TR197070552=
2019-04-25,94.167,94.867,TR197070552=
2019-04-26,94.306,95.006,TR197070552=
2019-04-29,93.693,94.393,TR197070552=
2019-04-30,93.802,94.502,TR197070552=
2019-05-01,93.126,94.126,TR197070552=
2019-05-02,94.102,94.802,TR197070552=
2019-05-03,94.168,94.868,TR197070552=
2019-05-06,94.025,95.225,TR197070552=
2019-05-07,93.571,94.271,TR197070552=
2019-05-08,93.114,93.814,TR197070552=
2019-05-09,92.117,92.817,TR197070552=
2019-05-10,91.971,92.671,TR197070552=
2019-05-13,91.379,92.079,TR197070552=
2019-05-14,91.306,92.006,TR197070552=
2019-05-15,90.628,91.328,TR197070552=
2019-05-16,91.189,91.889,TR197070552=
2019-05-17,91.385,92.085,TR197070552=
2019-05-20,91.321,92.021,TR197070552=
2019-05-21,90.969,91.669,TR197070552=
2019-05-22,90.49,91.19,TR197070552=
2019-05-23,90.002,90.702,TR197070552=
2019-05-24,89.65,90.85,TR197070552=
2019-05-27,89.65,90.85,TR197070552=
2019-05-28,90.005,90.705,TR197070552=
2019-05-29,90.112,90.812,TR197070552=
2019-05-30,90.258,90.958,TR197070552=
2019-05-31,91.374,92.074,TR197070552=
2019-06-03,92.211,92.911,TR197070552=
2019-06-04,92.445,93.145,TR197070552=
2019-06-05,93.428,94.128,TR197070552=
2019-06-06,93.15,94.35,TR197070552=
2019-06-07,93.645,94.345,TR197070552=
2019-06-10,93.625,94.625,TR197070552=
2019-06-11,93.75,94.75,TR197070552=
2019-06-12,93.875,94.875,TR197070552=
2019-06-13,93.73,94.43,TR197070552=
2019-06-14,93.4,94.099,TR197070552=
2019-06-17,93.187,93.887,TR197070552=
2019-06-18,93.584,94.284,TR197070552=
2019-06-19,93.856,94.556,TR197070552=
2019-06-20,94.125,95.125,TR197070552=
2019-06-21,93.875,94.875,TR197070552=
2019-06-24,95.36,96.06,TR197070552=
2019-06-25,95.981,96.681,TR197070552=
2019-06-26,96.853,97.553,TR197070552=
2019-06-27,97.15,97.807,TR197070552=
2019-06-28,97.5,98.5,TR197070552=
2019-07-01,98.375,99.375,TR197070552=
2019-07-02,98.105,98.805,TR197070552=
2019-07-03,98.272,98.972,TR197070552=
2019-07-04,98.4,99.6,TR197070552=
2019-07-05,98.275,99.475,TR197070552=
2019-07-08,97.65,98.85,TR197070552=
2019-07-09,97.451,98.401,TR197070552=
2019-07-10,97.4,98.526,TR197070552=
2019-07-11,97.275,98.219,TR197070552=
2019-07-12,96.875,97.875,TR197070552=
2019-07-15,96.555,97.505,TR197070552=
2019-07-16,96.103,97.303,TR197070552=
2019-07-17,96.304,97.754,TR197070552=
2019-07-18,96.4,97.585,TR197070552=
2019-07-19,97.0,98.0,TR197070552=
2019-07-22,96.678,97.628,TR197070552=
2019-07-23,96.952,97.902,TR197070552=
2019-07-24,96.87,97.82,TR197070552=
2019-07-25,97.441,98.391,TR197070552=
2019-07-26,97.412,98.362,TR197070552=
2019-07-29,97.775,98.722,TR197070552=
2019-07-30,97.795,98.745,TR197070552=
2019-07-31,98.461,99.411,TR197070552=
2019-08-01,98.909,99.35,TR197070552=
2019-08-02,98.933,99.883,TR197070552=
2019-08-05,98.801,99.751,TR197070552=
2019-08-06,98.417,99.117,TR197070552=
2019-08-07,98.243,98.943,TR197070552=
2019-08-08,98.15,98.822,TR197070552=
2019-08-09,98.4,99.6,TR197070552=
2019-08-12,98.33,99.03,TR197070552=
2019-08-13,97.926,98.626,TR197070552=
2019-08-14,98.105,98.805,TR197070552=
2019-08-15,98.125,98.825,TR197070552=
2019-08-16,97.913,98.613,TR197070552=
2019-08-19,97.81,98.866,TR197070552=
2019-08-20,97.766,98.808,TR197070552=
2019-08-21,97.763,98.823,TR197070552=
2019-08-22,97.28,98.75,TR197070552=
2019-08-23,97.611,98.7,TR197070552=
2019-08-26,97.618,98.824,TR197070552=
2019-08-27,97.679,98.729,TR197070552=
2019-08-28,97.663,98.716,TR197070552=
2019-08-29,97.617,98.69,TR197070552=
2019-08-30,97.58,98.729,TR197070552=
2019-09-02,97.938,98.838,TR197070552=
2019-09-03,98.274,99.341,TR197070552=
2019-09-04,98.659,99.724,TR197070552=
2019-09-05,98.72,99.84,TR197070552=
2019-09-06,98.55,99.87,TR197070552=
2019-09-09,98.375,99.375,TR197070552=
2019-09-10,98.21,99.65,TR197070552=
2019-09-11,98.23,99.62,TR197070552=
2019-09-12,98.72,100.14,TR197070552=
2019-09-13,98.78,100.15,TR197070552=
2019-09-16,98.87,100.15,TR197070552=
2019-09-17,98.86,100.24,TR197070552=
2019-09-18,99.01,100.48,TR197070552=
2019-09-19,99.14,100.5,TR197070552=
2019-09-20,99.52,100.81,TR197070552=
2019-09-23,99.77,101.17,TR197070552=
2019-09-24,100.5,101.5,TR197070552=
2019-09-25,100.07,101.39,TR197070552=
2019-09-26,100.38,101.78,TR197070552=
2019-09-27,100.89,102.37,TR197070552=
2019-09-30,101.36,102.83,TR197070552=
2019-10-01,101.41,102.8,TR197070552=
2019-10-02,101.657,102.657,TR197070552=
2019-10-03,102.067,103.067,TR197070552=
2019-10-04,102.435,103.695,TR197070552=
2019-10-07,101.87,103.31,TR197070552=
2019-10-08,101.875,102.875,TR197070552=
2019-10-09,101.14,102.41,TR197070552=
2019-10-10,99.78,101.25,TR197070552=
2019-10-11,99.89,101.16,TR197070552=
2019-10-14,99.85,101.27,TR197070552=
2019-10-15,99.125,100.125,TR197070552=
2019-10-16,97.75,99.15,TR197070552=
2019-10-17,98.125,99.125,TR197070552=
2019-10-18,98.98,100.36,TR197070552=
2019-10-21,99.535,100.875,TR197070552=
2019-10-22,99.29,100.73,TR197070552=
2019-10-23,100.61,102.1,TR197070552=
2019-10-24,101.61,102.94,TR197070552=
2019-10-25,102.5,103.5,TR197070552=
2019-10-28,102.75,103.75,TR197070552=
2019-10-29,103.0,104.0,TR197070552=
2019-10-30,103.25,104.25,TR197070552=
2019-10-31,103.125,104.125,TR197070552=
2019-11-01,102.75,104.23,TR197070552=
2019-11-04,102.875,103.875,TR197070552=
2019-11-05,103.14,104.36,TR197070552=
2019-11-06,103.26,104.53,TR197070552=
2019-11-07,103.56,104.9,TR197070552=
2019-11-08,103.75,104.98,TR197070552=
2019-11-11,103.92,105.0,TR197070552=
2019-11-12,103.89,105.14,TR197070552=
2019-11-13,103.88,105.13,TR197070552=
2019-11-14,104.09,105.34,TR197070552=
2019-11-15,104.07,105.42,TR197070552=
2019-11-18,104.29,105.56,TR197070552=
2019-11-19,104.41,105.64,TR197070552=
2019-11-20,104.4,105.64,TR197070552=
2019-11-21,104.43,105.65,TR197070552=
2019-11-22,104.37,105.69,TR197070552=
2019-11-25,104.45,105.65,TR197070552=
2019-11-26,104.46,105.68,TR197070552=
2019-11-27,104.22,105.3,TR197070552=
2019-11-28,104.17,105.24,TR197070552=
2019-11-29,104.25,105.39,TR197070552=
2019-12-02,104.18,105.37,TR197070552=
2019-12-03,104.07,105.3,TR197070552=
2019-12-04,104.24,105.43,TR197070552=
2019-12-05,104.29,105.6,TR197070552=
2019-12-06,104.41,105.64,TR197070552=
2019-12-09,104.49,105.73,TR197070552=
2019-12-10,104.56,105.78,TR197070552=
2019-12-11,104.56,105.79,TR197070552=
2019-12-12,104.555,105.957,TR197070552=
2019-12-13,104.743,106.241,TR197070552=
2019-12-16,104.806,106.243,TR197070552=
2019-12-17,105.104,106.466,TR197070552=
2019-12-18,105.154,106.486,TR197070552=
2019-12-19,105.506,106.808,TR197070552=
2019-12-20,105.5,106.961,TR197070552=
2019-12-23,105.543,106.874,TR197070552=
2019-12-24,106.125,107.125,TR197070552=
2019-12-25,106.125,107.125,TR197070552=
2019-12-26,106.125,107.125,TR197070552=
2019-12-27,105.582,107.042,TR197070552=
2019-12-30,106.0,107.0,TR197070552=
2019-12-31,106.0,107.0,TR197070552=
2020-01-01,106.0,107.0,TR197070552=
2020-01-02,106.106,107.518,TR197070552=
2020-01-03,105.987,107.484,TR197070552=
2020-01-06,106.103,107.448,TR197070552=
2020-01-07,106.337,107.68,TR197070552=
2020-01-08,106.564,107.909,TR197070552=
2020-01-09,107.0,108.0,TR197070552=
2020-01-10,107.078,108.557,TR197070552=
2020-01-13,107.806,109.14,TR197070552=
2020-01-14,107.998,109.294,TR197070552=
2020-01-15,108.433,109.783,TR197070552=
2020-01-16,108.625,109.912,TR197070552=
2020-01-17,108.644,109.944,TR197070552=
2020-01-20,108.739,109.928,TR197070552=
2020-01-21,108.742,110.07,TR197070552=
2020-01-22,108.785,110.218,TR197070552=
2020-01-23,109.184,110.442,TR197070552=
2020-01-24,109.584,110.961,TR197070552=
2020-01-27,109.731,111.085,TR197070552=
2020-01-28,110.437,111.763,TR197070552=
2020-01-29,110.573,111.812,TR197070552=
2020-01-30,110.592,111.839,TR197070552=
2020-01-31,111.25,112.25,TR197070552=
2020-02-03,110.752,111.994,TR197070552=
2020-02-04,110.881,112.146,TR197070552=
2020-02-05,110.978,112.245,TR197070552=
2020-02-06,111.139,112.407,TR197070552=
2020-02-07,111.125,112.125,TR197070552=
2020-02-10,109.531,110.802,TR197070552=
2020-02-11,109.575,110.832,TR197070552=
2020-02-12,109.739,110.965,TR197070552=
2020-02-13,110.125,111.125,TR197070552=
2020-02-14,109.932,111.237,TR197070552=
2020-02-17,110.126,111.223,TR197070552=
2020-02-18,110.025,111.322,TR197070552=
2020-02-19,109.748,111.12,TR197070552=
2020-02-20,109.404,110.828,TR197070552=
2020-02-21,109.258,110.74,TR197070552=
2020-02-24,109.0,110.0,TR197070552=
2020-02-25,108.71,110.133,TR197070552=
2020-02-26,108.248,109.604,TR197070552=
2020-02-27,107.125,108.125,TR197070552=
2020-02-28,104.72,105.72,TR197070552=
2020-03-02,105.875,106.875,TR197070552=
2020-03-03,106.954,108.422,TR197070552=
2020-03-04,107.904,109.36,TR197070552=
2020-03-05,107.972,109.387,TR197070552=
2020-03-06,106.841,108.265,TR197070552=
2020-03-09,107.836,108.836,TR197070552=
2020-03-10,105.64,106.96,TR197070552=
2020-03-11,105.33,106.72,TR197070552=
2020-03-16,102.75,103.75,TR197070552=
2020-03-18,98.433,99.044,TR197070552=
2020-03-19,97.995,98.054,TR197070552=
2020-03-20,96.738,97.306,TR197070552=
2020-03-23,95.766,96.385,TR197070552=
2020-03-24,94.719,95.087,TR197070552=
2020-03-25,95.909,97.091,TR197070552=
2020-03-26,96.138,97.59,TR197070552=
2020-03-27,96.074,97.567,TR197070552=
2020-03-30,95.992,96.1,TR197070552=
2020-03-31,95.996,96.035,TR197070552=
2020-04-01,95.486,95.663,TR197070552=
2020-04-02,95.332,95.89,TR197070552=
2020-04-03,93.748,93.779,TR197070552=
2020-04-06,93.98,94.27,TR197070552=
2020-04-07,93.195,94.532,TR197070552=
2020-04-08,93.363,94.738,TR197070552=
2020-04-09,94.663,95.552,TR197070552=
2020-04-10,92.875,94.375,TR197070552=
2020-04-13,95.25,96.75,TR197070552=
2020-04-14,96.139,96.261,TR197070552=
2020-04-15,95.73,96.02,TR197070552=
2020-04-16,95.713,96.031,TR197070552=
2020-04-17,95.732,96.018,TR197070552=
2020-04-20,96.721,97.023,TR197070552=
2020-04-21,96.733,97.017,TR197070552=
2020-04-22,97.216,98.068,TR197070552=
2020-04-23,97.446,98.043,TR197070552=
2020-04-24,98.467,99.056,TR197070552=
2020-04-27,99.216,99.795,TR197070552=
2020-04-28,99.972,100.366,TR197070552=
2020-04-29,100.55,100.551,TR197070552=
2020-04-30,100.76,101.333,TR197070552=
2020-05-01,100.396,101.583,TR197070552=
2020-05-04,100.777,101.34,TR197070552=
2020-05-05,100.973,101.469,TR197070552=
2020-05-06,100.949,101.505,TR197070552=
2020-05-07,100.498,101.084,TR197070552=
2020-05-08,100.155,101.345,TR197070552=
2020-05-11,99.722,100.264,TR197070552=
2020-05-12,99.856,100.306,TR197070552=
2020-05-13,100.217,100.781,TR197070552=
2020-05-14,99.686,100.498,TR197070552=
2020-05-15,99.777,100.333,TR197070552=
2020-05-18,100.262,100.82,TR197070552=
2020-05-19,100.687,101.022,TR197070552=
2020-05-20,101.736,101.877,TR197070552=
2020-05-21,102.26,102.64,TR197070552=
2020-05-22,102.09,102.365,TR197070552=
2020-05-25,102.125,103.125,TR197070552=
2020-05-26,102.207,102.643,TR197070552=
2020-05-27,102.235,102.498,TR197070552=
2020-05-28,102.282,102.472,TR197070552=
2020-05-29,102.232,102.539,TR197070552=
2020-06-01,102.335,102.551,TR197070552=
2020-06-02,102.891,103.054,TR197070552=
2020-06-03,104.05,104.053,TR197070552=
2020-06-04,103.985,104.401,TR197070552=
2020-06-05,104.115,104.536,TR197070552=
2020-06-08,104.019,104.467,TR197070552=
2020-06-09,104.024,104.632,TR197070552=
2020-06-10,104.237,104.678,TR197070552=
2020-06-11,103.997,104.577,TR197070552=
2020-06-12,103.441,104.033,TR197070552=
2020-06-15,103.261,103.819,TR197070552=
2020-06-16,103.532,104.094,TR197070552=
2020-06-17,103.208,103.597,TR197070552=
2020-06-18,103.458,104.018,TR197070552=
2020-06-19,103.006,104.196,TR197070552=
2020-06-22,103.258,103.676,TR197070552=
2020-06-23,103.033,103.655,TR197070552=
2020-06-24,103.032,103.542,TR197070552=
2020-06-25,103.039,103.531,TR197070552=
2020-06-26,102.42,103.58,TR197070552=
2020-06-29,103.33,104.18,TR197070552=
2020-06-30,102.548,103.421,TR197070552=
2020-07-01,102.565,103.361,TR197070552=
2020-07-02,102.57,103.436,TR197070552=
2020-07-03,102.699,103.831,TR197070552=
2020-07-06,100.288,103.857,TR197070552=
2020-07-07,102.63,103.546,TR197070552=
2020-07-08,102.629,103.557,TR197070552=
2020-07-09,102.979,103.584,TR197070552=
2020-07-10,102.46,103.429,TR197070552=
2020-07-13,102.502,103.377,TR197070552=
2020-07-14,102.486,103.356,TR197070552=
2020-07-15,102.499,103.388,TR197070552=
2020-07-16,102.432,103.351,TR197070552=
2020-07-17,102.425,103.575,TR197070552=
2020-07-20,102.917,103.233,TR197070552=
2020-07-21,102.565,103.429,TR197070552=
2020-07-22,102.696,103.498,TR197070552=
2020-07-23,102.681,103.204,TR197070552=
2020-07-24,102.6,103.85,TR197070552=
2020-07-27,102.631,103.446,TR197070552=
2020-07-28,102.207,102.676,TR197070552=
2020-07-29,102.25,103.25,TR197070552=
2020-07-30,102.25,103.25,TR197070552=
2020-07-31,102.25,103.25,TR197070552=
2020-08-03,101.375,102.375,TR197070552=
2020-08-04,101.375,102.375,TR197070552=
2020-08-05,99.5,100.5,TR197070552=
2020-08-06,99.5,100.5,TR197070552=
2020-08-07,97.5,98.5,TR197070552=
2020-08-10,97.625,98.625,TR197070552=
2020-08-11,97.625,98.625,TR197070552=
2020-08-12,99.0,100.0,TR197070552=
2020-08-13,99.0,100.0,TR197070552=
2020-08-14,99.0,100.0,TR197070552=
2020-08-17,99.0,100.0,TR197070552=
2020-08-18,99.0,100.0,TR197070552=
2020-08-19,99.0,100.0,TR197070552=
2020-08-20,99.0,100.0,TR197070552=
2020-08-21,99.0,100.0,TR197070552=
2020-08-24,99.0,100.0,TR197070552=
2020-08-25,99.0,100.0,TR197070552=
2020-08-26,99.0,100.0,TR197070552=
2020-08-27,99.0,100.0,TR197070552=
2020-08-28,101.125,102.125,TR197070552=
2020-08-31,101.125,102.125,TR197070552=
2020-09-01,101.125,102.125,TR197070552=
2020-09-02,101.125,102.125,TR197070552=
2020-09-03,101.125,102.125,TR197070552=
2020-09-04,101.875,102.875,TR197070552=
2020-09-07,101.875,102.875,TR197070552=
2020-09-08,101.0,102.0,TR197070552=
2020-09-09,101.0,102.0,TR197070552=
2020-09-10,101.0,102.0,TR197070552=
2020-09-11,101.125,102.125,TR197070552=
2020-09-14,101.125,102.125,TR197070552=
2020-09-15,101.5,102.5,TR197070552=
2020-09-16,101.125,102.125,TR197070552=
2020-09-17,101.125,102.125,TR197070552=
2020-09-18,101.125,102.125,TR197070552=
2020-09-21,101.125,102.125,TR197070552=
2020-09-22,101.125,102.125,TR197070552=
2020-09-23,100.25,101.25,TR197070552=
2020-09-24,99.75,100.75,TR197070552=
2020-09-25,99.75,100.75,TR197070552=
2020-09-28,99.75,100.75,TR197070552=
2020-09-29,99.75,100.75,TR197070552=
2020-09-30,100.375,101.375,TR197070552=
2020-10-01,100.375,101.375,TR197070552=
2020-10-02,100.5,101.5,TR197070552=
2020-10-05,100.5,101.5,TR197070552=
2020-10-06,101.0,102.0,TR197070552=
2020-10-07,101.0,102.0,TR197070552=
2020-10-08,101.0,102.0,TR197070552=
2020-10-09,101.0,102.0,TR197070552=
2020-10-12,101.0,102.0,TR197070552=
2020-10-13,101.0,102.0,TR197070552=
2020-10-14,101.0,102.0,TR197070552=
2020-10-15,101.0,102.0,TR197070552=
2020-10-16,101.0,102.0,TR197070552=
2020-10-19,101.0,102.0,TR197070552=
2020-10-20,101.5,102.5,TR197070552=
2020-10-21,101.5,102.5,TR197070552=
2020-10-22,101.25,102.25,TR197070552=
2020-10-23,101.75,102.75,TR197070552=
2020-10-26,101.75,102.75,TR197070552=
2020-10-27,101.75,102.75,TR197070552=
2020-10-28,100.625,101.625,TR197070552=
2020-10-29,100.625,101.625,TR197070552=
2020-10-30,100.375,101.375,TR197070552=
2020-11-02,100.375,101.375,TR197070552=
2020-11-03,100.375,101.375,TR197070552=
2020-11-04,100.25,101.25,TR197070552=
2020-11-05,100.25,101.25,TR197070552=
2020-11-06,100.25,101.25,TR197070552=
2020-11-09,100.25,101.25,TR197070552=
2020-11-10,101.0,102.0,TR197070552=
2020-11-11,101.875,102.875,TR197070552=
2020-11-12,101.875,102.875,TR197070552=
2020-11-13,105.5,106.5,TR197070552=
2020-11-16,104.68,106.01,TR197070552=
2020-11-17,104.303,105.815,TR197070552=
2020-11-18,104.49,105.799,TR197070552=
2020-11-19,105.453,106.817,TR197070552=
2020-11-20,105.503,106.872,TR197070552=
2020-11-23,105.463,106.813,TR197070552=
2020-11-24,105.107,106.465,TR197070552=
2020-11-25,105.169,106.411,TR197070552=
2020-11-26,105.186,106.579,TR197070552=
2020-11-27,105.178,106.573,TR197070552=
2020-11-30,105.153,106.595,TR197070552=
2020-12-01,105.279,106.701,TR197070552=
2020-12-02,106.0,107.0,TR197070552=
2020-12-03,105.61,107.037,TR197070552=
2020-12-04,105.531,107.126,TR197070552=
2020-12-07,105.23,106.88,TR197070552=
2020-12-08,105.587,107.079,TR197070552=
2020-12-09,105.616,107.1,TR197070552=
2020-12-10,106.0,107.0,TR197070552=
2020-12-11,105.25,107.04,TR197070552=
2020-12-14,105.684,107.184,TR197070552=
2020-12-15,105.933,107.455,TR197070552=
2020-12-16,106.18,107.685,TR197070552=
2020-12-17,106.625,107.625,TR197070552=
2020-12-18,106.625,107.625,TR197070552=
2020-12-21,106.625,107.625,TR197070552=
2020-12-22,106.183,107.135,TR197070552=
2020-12-23,106.056,106.857,TR197070552=
2020-12-24,105.865,106.923,TR197070552=
2020-12-25,106.625,107.625,TR197070552=
2020-12-28,106.625,107.625,TR197070552=
2020-12-29,106.006,107.026,TR197070552=
2020-12-30,106.975,107.44,TR197070552=
2020-12-31,106.625,107.625,TR197070552=
2021-01-04,107.65,108.587,TR197070552=
2021-01-05,107.5,108.5,TR197070552=
2021-01-06,107.625,108.625,TR197070552=
2021-01-07,107.5,108.5,TR197070552=
2021-01-08,107.5,108.5,TR197070552=
2021-01-11,107.5,108.5,TR197070552=
2021-01-12,107.5,108.5,TR197070552=
2021-01-13,107.5,108.5,TR197070552=
2021-01-14,107.5,108.5,TR197070552=
2021-01-15,107.445,108.006,TR197070552=
2021-01-18,107.402,108.361,TR197070552=
2021-01-19,107.395,108.357,TR197070552=
2021-01-20,107.391,108.388,TR197070552=
2021-01-21,107.446,108.315,TR197070552=
2021-01-22,107.42,108.349,TR197070552=
2021-01-25,107.717,108.312,TR197070552=
2021-01-26,107.753,108.311,TR197070552=
2021-01-27,107.76,108.324,TR197070552=
2021-01-28,107.732,108.613,TR197070552=
2021-01-29,107.754,108.556,TR197070552=
2021-02-01,107.963,108.956,TR197070552=
2021-02-02,108.611,109.042,TR197070552=
2021-02-03,108.458,109.636,TR197070552=
2021-02-04,108.559,109.615,TR197070552=
2021-02-05,108.674,109.701,TR197070552=
2021-02-08,108.932,109.857,TR197070552=
2021-02-09,108.934,109.861,TR197070552=
2021-02-10,109.101,110.112,TR197070552=
2021-02-11,109.454,110.281,TR197070552=
2021-02-12,109.72,110.56,TR197070552=
2021-02-15,109.622,110.34,TR197070552=
2021-02-16,109.646,110.521,TR197070552=
2021-02-17,109.664,110.521,TR197070552=
2021-02-18,109.629,110.521,TR197070552=
2021-02-19,109.666,110.501,TR197070552=
2021-02-22,109.736,110.739,TR197070552=
2021-02-23,109.568,110.414,TR197070552=
2021-02-24,109.528,110.042,TR197070552=
2021-02-25,109.22,110.08,TR197070552=
2021-02-26,109.151,109.258,TR197070552=
2021-03-01,108.729,109.639,TR197070552=
2021-03-02,108.933,109.8,TR197070552=
2021-03-03,108.931,109.742,TR197070552=
2021-03-04,108.911,109.651,TR197070552=
2021-03-05,108.408,109.262,TR197070552=
2021-03-08,108.341,108.682,TR197070552=
2021-03-09,108.413,108.787,TR197070552=
2021-03-10,108.341,109.171,TR197070552=
2021-03-11,108.366,109.201,TR197070552=
2021-03-12,108.118,108.901,TR197070552=
2021-03-15,108.25,109.25,TR197070552=
2021-03-16,108.25,109.25,TR197070552=
2021-03-17,108.281,109.257,TR197070552=
2021-03-18,108.475,109.08,TR197070552=
2021-03-19,108.5,109.5,TR197070552=
2021-03-22,103.458,104.41,TR197070552=
2021-03-23,102.43,103.225,TR197070552=
2021-03-24,103.5,104.5,TR197070552=
2021-03-25,103.5,104.5,TR197070552=
2021-03-26,103.0,104.0,TR197070552=
2021-03-29,103.0,104.0,TR197070552=
2021-03-30,103.0,104.0,TR197070552=
2021-03-31,103.0,104.0,TR197070552=
2021-04-01,103.0,104.0,TR197070552=
2021-04-02,103.0,104.0,TR197070552=
2021-04-05,103.0,104.0,TR197070552=
2021-04-06,103.0,104.0,TR197070552=
2021-04-07,103.89,104.061,TR197070552=
2021-04-08,104.0,105.0,TR197070552=
2021-04-09,104.625,105.625,TR197070552=
2021-04-12,104.734,105.592,TR197070552=
2021-04-13,104.853,105.552,TR197070552=
2021-04-14,104.849,105.858,TR197070552=
2021-04-15,105.0,106.0,TR197070552=
2021-04-16,105.0,106.0,TR197070552=
2021-04-19,105.74,105.92,TR197070552=
2021-04-20,105.624,106.335,TR197070552=
2021-04-21,105.918,107.065,TR197070552=
2021-04-22,106.5,107.5,TR197070552=
2021-04-23,106.5,107.5,TR197070552=
2021-04-26,105.85,106.986,TR197070552=
2021-04-27,106.139,107.228,TR197070552=
2021-04-28,106.5,107.5,TR197070552=
2021-04-29,106.172,107.249,TR197070552=
2021-04-30,106.5,107.5,TR197070552=
2021-05-03,106.5,107.5,TR197070552=
2021-05-04,106.5,107.5,TR197070552=
2021-05-05,106.5,107.5,TR197070552=
2021-05-06,106.416,107.62,TR197070552=
2021-05-07,106.5,107.5,TR197070552=
2021-05-10,107.5,108.5,TR197070552=
2021-05-11,107.5,108.5,TR197070552=
2021-05-12,107.5,108.5,TR197070552=
2021-05-13,107.5,108.5,TR197070552=
2021-05-14,107.5,108.5,TR197070552=
2021-05-17,107.505,108.641,TR197070552=
2021-05-18,107.5,108.5,TR197070552=
2021-05-19,107.75,108.75,TR197070552=
2021-05-20,107.75,108.75,TR197070552=
2021-05-21,107.75,108.75,TR197070552=
2021-05-24,107.75,108.75,TR197070552=
2021-05-25,107.75,108.75,TR197070552=
2021-05-26,107.75,108.75,TR197070552=
2021-05-27,108.0,109.0,TR197070552=
2021-05-28,108.0,109.0,TR197070552=
2021-05-31,108.0,109.0,TR197070552=
2021-06-01,108.0,109.0,TR197070552=
2021-06-02,108.0,109.0,TR197070552=
2021-06-03,108.0,109.0,TR197070552=
2021-06-04,108.0,109.0,TR197070552=
2021-06-07,107.75,108.75,TR197070552=
2021-06-08,107.75,108.75,TR197070552=
2021-06-09,107.75,108.75,TR197070552=
2021-06-10,107.75,108.75,TR197070552=
2021-06-11,108.026,108.834,TR197070552=
2021-06-14,108.316,109.132,TR197070552=
2021-06-15,108.334,109.101,TR197070552=
2021-06-16,109.013,109.21,TR197070552=
2021-06-17,108.749,109.261,TR197070552=
2021-06-18,108.705,109.527,TR197070552=
2021-06-21,108.706,109.458,TR197070552=
2021-06-22,108.699,109.487,TR197070552=
2021-06-23,108.615,109.418,TR197070552=
2021-06-24,108.66,109.381,TR197070552=
2021-06-25,108.662,109.662,TR197070552=
2021-06-28,108.681,109.355,TR197070552=
2021-06-29,108.652,109.398,TR197070552=
2021-06-30,108.625,109.625,TR197070552=
2021-07-01,108.561,109.392,TR197070552=
2021-07-02,108.573,109.364,TR197070552=
2021-07-05,108.5,109.5,TR197070552=
2021-07-06,108.67,109.501,TR197070552=
2021-07-07,108.506,109.32,TR197070552=
2021-07-08,108.531,109.297,TR197070552=
2021-07-09,108.731,109.769,TR197070552=
2021-07-12,109.03,109.773,TR197070552=
2021-07-13,108.748,109.415,TR197070552=
2021-07-14,108.687,109.448,TR197070552=
2021-07-15,108.72,109.514,TR197070552=
2021-07-16,108.88,109.753,TR197070552=
2021-07-19,108.917,109.732,TR197070552=
2021-07-20,108.707,109.668,TR197070552=
2021-07-21,108.899,109.723,TR197070552=
2021-07-22,108.838,109.646,TR197070552=
2021-07-23,108.899,109.782,TR197070552=
2021-07-26,108.878,109.737,TR197070552=
2021-07-27,108.744,109.749,TR197070552=
2021-07-28,108.825,109.658,TR197070552=
2021-07-29,108.865,109.681,TR197070552=
2021-07-30,108.886,109.773,TR197070552=
2021-08-02,108.875,109.875,TR197070552=
2021-08-03,108.909,109.841,TR197070552=
2021-08-04,108.931,109.789,TR197070552=
2021-08-05,108.794,109.734,TR197070552=
2021-08-06,108.75,109.833,TR197070552=
2021-08-09,108.94,109.671,TR197070552=
2021-08-10,108.781,109.662,TR197070552=
2021-08-11,108.787,109.685,TR197070552=
2021-08-12,108.784,109.68,TR197070552=
2021-08-13,108.907,109.733,TR197070552=
2021-08-16,108.676,109.545,TR197070552=
2021-08-17,108.721,109.498,TR197070552=
2021-08-18,108.68,109.552,TR197070552=
2021-08-19,108.679,109.571,TR197070552=
2021-08-20,108.689,109.546,TR197070552=
2021-08-23,108.75,109.75,TR197070552=
2021-08-24,108.969,109.531,TR197070552=
2021-08-25,109.222,109.596,TR197070552=
2021-08-26,109.625,110.625,TR197070552=
2021-08-27,109.625,110.625,TR197070552=
2021-08-30,109.625,110.625,TR197070552=
2021-08-31,109.625,110.625,TR197070552=
2021-09-01,109.782,110.36,TR197070552=
2021-09-02,109.469,110.239,TR197070552=
2021-09-03,109.625,110.625,TR197070552=
2021-09-06,109.625,110.625,TR197070552=
2021-09-07,109.613,110.513,TR197070552=
2021-09-08,109.625,110.625,TR197070552=
2021-09-09,109.532,110.196,TR197070552=
2021-09-10,109.25,110.25,TR197070552=
2021-09-13,109.508,110.301,TR197070552=
2021-09-14,109.512,110.313,TR197070552=
2021-09-15,109.457,110.241,TR197070552=
2021-09-16,109.243,109.93,TR197070552=
2021-09-17,108.784,109.601,TR197070552=
2021-09-20,108.499,109.276,TR197070552=
2021-09-21,108.573,109.327,TR197070552=
2021-09-22,108.407,109.377,TR197070552=
2021-09-23,108.328,109.12,TR197070552=
2021-09-24,107.701,108.323,TR197070552=
2021-09-27,107.04,108.08,TR197070552=
2021-09-28,106.81,107.84,TR197070552=
2021-09-29,107.02,108.05,TR197070552=
2021-09-30,107.426,108.234,TR197070552=
2021-10-01,107.363,108.248,TR197070552=
2021-10-04,107.498,108.324,TR197070552=
2021-10-05,107.505,108.17,TR197070552=
2021-10-06,107.5,108.147,TR197070552=
2021-10-07,107.511,108.141,TR197070552=
2021-10-08,108.0,109.0,TR197070552=
2021-10-11,108.0,109.0,TR197070552=
2021-10-12,107.375,108.375,TR197070552=
2021-10-13,107.375,108.375,TR197070552=
2021-10-14,107.375,108.375,TR197070552=
2021-10-15,107.375,108.375,TR197070552=
2021-10-18,107.375,108.375,TR197070552=
2021-10-19,107.375,108.375,TR197070552=
2021-10-20,107.375,108.375,TR197070552=
2021-10-21,107.375,108.375,TR197070552=
2021-10-22,106.645,106.958,TR197070552=
2021-10-25,105.752,106.619,TR197070552=
2021-10-26,106.505,106.805,TR197070552=
2021-10-27,106.275,107.475,TR197070552=
2021-10-28,106.29,107.432,TR197070552=
2021-10-29,106.375,107.375,TR197070552=
2021-11-01,106.44,107.515,TR197070552=
2021-11-02,106.733,107.482,TR197070552=
2021-11-03,106.832,107.722,TR197070552=
2021-11-04,106.928,108.045,TR197070552=
2021-11-05,107.115,108.262,TR197070552=
2021-11-08,107.179,108.321,TR197070552=
2021-11-09,107.209,108.368,TR197070552=
2021-11-10,107.179,108.345,TR197070552=
2021-11-11,107.13,108.293,TR197070552=
2021-11-12,107.25,108.41,TR197070552=
2021-11-15,107.085,108.215,TR197070552=
2021-11-16,106.96,108.09,TR197070552=
2021-11-17,106.819,107.546,TR197070552=
2021-11-18,106.144,107.356,TR197070552=
2021-11-19,106.753,107.059,TR197070552=
2021-11-22,106.186,107.391,TR197070552=
2021-11-23,104.506,105.566,TR197070552=
2021-11-24,104.392,105.433,TR197070552=
2021-11-25,104.387,105.163,TR197070552=
2021-11-26,104.503,104.79,TR197070552=
2021-11-29,103.978,105.222,TR197070552=
2021-11-30,103.72,104.92,TR197070552=
2021-12-01,103.606,104.435,TR197070552=
2021-12-02,103.217,104.096,TR197070552=
2021-12-03,103.694,103.978,TR197070552=
2021-12-06,103.366,104.244,TR197070552=
2021-12-07,103.984,104.276,TR197070552=
2021-12-08,103.512,104.566,TR197070552=
2021-12-09,103.447,104.624,TR197070552=
2021-12-10,103.965,104.252,TR197070552=
2021-12-13,103.274,104.077,TR197070552=
2021-12-14,103.653,103.891,TR197070552=
2021-12-15,103.005,103.964,TR197070552=
2021-12-16,103.313,103.711,TR197070552=
2021-12-17,101.822,102.111,TR197070552=
2021-12-20,97.985,98.863,TR197070552=
2021-12-21,98.662,99.828,TR197070552=
2021-12-22,99.85,100.162,TR197070552=
2021-12-23,100.63,101.068,TR197070552=
2021-12-24,100.0,101.0,TR197070552=
2021-12-27,100.0,101.0,TR197070552=
2021-12-28,100.0,101.0,TR197070552=
2021-12-29,99.921,100.723,TR197070552=
2021-12-30,100.526,100.957,TR197070552=
2021-12-31,100.25,101.25,TR197070552=
2022-01-03,100.065,101.256,TR197070552=
2022-01-04,100.791,101.416,TR197070552=
2022-01-05,101.452,102.314,TR197070552=
2022-01-06,100.972,101.57,TR197070552=
2022-01-07,100.954,101.509,TR197070552=
2022-01-10,100.885,101.238,TR197070552=
2022-01-11,101.213,101.787,TR197070552=
2022-01-12,101.087,101.707,TR197070552=
2022-01-13,101.455,102.735,TR197070552=
2022-01-14,102.309,102.497,TR197070552=
2022-01-17,102.412,102.824,TR197070552=
2022-01-18,102.583,102.69,TR197070552=
2022-01-19,101.524,102.634,TR197070552=
2022-01-20,103.181,103.53,TR197070552=
2022-01-21,102.82,103.741,TR197070552=
2022-01-24,102.735,103.581,TR197070552=
2022-01-25,102.624,103.59,TR197070552=
2022-01-26,102.82,103.56,TR197070552=
2022-01-27,103.584,103.622,TR197070552=
2022-01-28,103.135,103.715,TR197070552=
2022-01-31,103.295,104.073,TR197070552=
2022-02-01,103.786,104.016,TR197070552=
2022-02-02,103.88,104.37,TR197070552=
2022-02-03,103.776,104.218,TR197070552=
2022-02-04,103.552,103.966,TR197070552=
2022-02-07,103.357,104.219,TR197070552=
2022-02-08,103.543,104.43,TR197070552=
2022-02-09,103.873,104.541,TR197070552=
2022-02-10,103.995,104.549,TR197070552=
2022-02-11,103.83,104.537,TR197070552=
2022-02-14,103.416,104.24,TR197070552=
2022-02-15,103.543,104.056,TR197070552=
2022-02-16,103.762,104.024,TR197070552=
2022-02-17,103.593,104.187,TR197070552=
2022-02-18,103.58,104.197,TR197070552=
2022-02-21,103.835,104.581,TR197070552=
2022-02-22,103.81,104.556,TR197070552=
2022-02-23,103.576,104.393,TR197070552=
2022-02-24,102.675,103.875,TR197070552=
2022-02-25,103.492,103.657,TR197070552=
2022-02-28,103.174,103.634,TR197070552=
2022-03-01,102.62,103.63,TR197070552=
2022-03-02,102.946,103.617,TR197070552=
2022-03-03,102.66,103.139,TR197070552=
2022-03-04,101.95,102.97,TR197070552=
2022-03-07,100.625,101.625,TR197070552=
2022-03-08,100.131,100.152,TR197070552=
2022-03-09,99.907,100.532,TR197070552=
2022-03-10,99.746,100.529,TR197070552=
2022-03-11,100.041,100.658,TR197070552=
2022-03-14,99.777,100.754,TR197070552=
2022-03-15,100.065,100.957,TR197070552=
2022-03-16,101.209,102.066,TR197070552=
2022-03-17,101.432,102.098,TR197070552=
2022-03-18,101.341,102.244,TR197070552=
2022-03-21,101.281,102.211,TR197070552=
2022-03-22,100.937,101.845,TR197070552=
2022-03-23,101.025,101.957,TR197070552=
2022-03-24,101.208,101.996,TR197070552=
2022-03-25,101.296,102.296,TR197070552=
2022-03-28,101.625,102.625,TR197070552=
2022-03-29,101.461,102.461,TR197070552=
2022-03-30,101.688,102.688,TR197070552=
2022-03-31,101.689,102.637,TR197070552=
2022-04-01,101.632,102.632,TR197070552=
2022-04-04,101.599,102.599,TR197070552=
2022-04-05,101.771,102.771,TR197070552=
2022-04-06,101.5,102.5,TR197070552=
2022-04-07,101.625,102.625,TR197070552=
2022-04-08,101.371,102.371,TR197070552=
2022-04-11,101.343,102.343,TR197070552=
2022-04-12,101.75,102.75,TR197070552=
2022-04-13,101.472,102.472,TR197070552=
2022-04-14,101.285,102.285,TR197070552=
2022-04-15,101.285,102.285,TR197070552=
2022-04-18,101.285,102.285,TR197070552=
2022-04-19,101.281,102.281,TR197070552=
2022-04-20,101.22,102.22,TR197070552=
2022-04-21,101.375,102.375,TR197070552=
2022-04-22,101.177,102.177,TR197070552=
2022-04-25,101.191,102.191,TR197070552=
2022-04-26,101.262,102.262,TR197070552=
2022-04-27,101.25,102.25,TR197070552=
2022-04-28,101.086,102.086,TR197070552=
2022-04-29,101.074,102.074,TR197070552=
2022-05-02,101.074,102.074,TR197070552=
2022-05-03,101.125,102.125,TR197070552=
2022-05-04,100.786,101.786,TR197070552=
2022-05-05,100.818,101.818,TR197070552=
2022-05-06,100.756,101.756,TR197070552=
2022-05-09,100.444,101.444,TR197070552=
2022-05-10,99.745,100.745,TR197070552=
2022-05-11,99.698,100.698,TR197070552=
2022-05-12,99.125,100.125,TR197070552=
2022-05-13,98.888,99.888,TR197070552=
2022-05-16,98.301,99.301,TR197070552=
2022-05-17,98.198,99.198,TR197070552=
2022-05-18,98.277,99.277,TR197070552=
2022-05-19,98.375,99.375,TR197070552=
2022-05-20,98.5,99.5,TR197070552=
2022-05-23,98.252,99.252,TR197070552=
2022-05-24,98.625,99.625,TR197070552=
2022-05-25,98.12,99.12,TR197070552=
2022-05-26,98.375,99.375,TR197070552=
2022-05-27,98.375,99.375,TR197070552=
2022-05-30,98.375,99.375,TR197070552=
2022-05-31,98.625,99.625,TR197070552=
2022-06-01,98.319,99.319,TR197070552=
2022-06-02,99.0,99.8,TR197070552=
2022-06-03,98.155,99.155,TR197070552=
2022-06-06,98.262,99.262,TR197070552=
2022-06-07,98.236,99.236,TR197070552=
2022-06-08,98.04,99.04,TR197070552=
2022-06-09,96.772,97.846,TR197070552=
2022-06-10,95.919,96.919,TR197070552=
2022-06-13,93.81,93.943,TR197070552=
2022-06-14,94.0,95.0,TR197070552=
2022-06-15,94.01,95.01,TR197070552=
2022-06-16,94.5,95.5,TR197070552=
2022-06-17,94.273,95.273,TR197070552=
2022-06-20,94.273,95.273,TR197070552=
2022-06-21,94.35,95.28,TR197070552=
2022-06-22,94.778,95.778,TR197070552=
2022-06-23,95.734,96.346,TR197070552=
2022-06-24,96.75,97.457,TR197070552=
2022-06-27,96.975,97.78,TR197070552=
2022-06-28,97.125,98.125,TR197070552=
2022-06-29,96.375,97.375,TR197070552=
2022-06-30,96.143,97.143,TR197070552=
2022-07-01,96.143,97.143,TR197070552=
2022-07-04,96.143,97.143,TR197070552=
2022-07-05,96.448,97.448,TR197070552=
2022-07-06,95.718,96.692,TR197070552=
2022-07-07,95.712,96.712,TR197070552=
2022-07-08,95.482,96.482,TR197070552=
2022-07-11,95.581,96.28,TR197070552=
2022-07-12,95.264,96.264,TR197070552=
2022-07-13,94.82,95.82,TR197070552=
2022-07-14,94.576,95.576,TR197070552=
2022-07-15,93.434,94.665,TR197070552=
2022-07-18,93.773,94.773,TR197070552=
2022-07-19,93.867,94.867,TR197070552=
2022-07-20,93.867,94.867,TR197070552=
2022-07-21,94.173,95.107,TR197070552=
2022-07-22,94.371,95.16,TR197070552=
2022-07-25,94.5,95.5,TR197070552=
2022-07-26,94.5,95.5,TR197070552=
2022-07-27,94.853,95.519,TR197070552=
2022-07-28,94.083,95.083,TR197070552=
2022-07-29,94.3,95.518,TR197070552=
2022-08-01,94.134,94.835,TR197070552=
2022-08-02,94.864,95.248,TR197070552=
2022-08-03,94.762,95.572,TR197070552=
2022-08-04,94.785,95.876,TR197070552=
2022-08-05,96.563,97.563,TR197070552=
2022-08-08,98.111,99.111,TR197070552=
2022-08-09,98.447,99.447,TR197070552=
2022-08-10,98.912,99.912,TR197070552=
2022-08-11,99.109,100.195,TR197070552=
2022-08-12,99.466,100.466,TR197070552=
2022-08-15,99.085,100.085,TR197070552=
2022-08-16,99.089,100.203,TR197070552=
2022-08-17,98.852,99.852,TR197070552=
2022-08-18,98.636,99.636,TR197070552=
2022-08-19,98.507,99.574,TR197070552=
2022-08-22,98.15,99.328,TR197070552=
2022-08-23,98.043,99.008,TR197070552=
2022-08-24,98.613,99.637,TR197070552=
2022-08-25,98.875,99.875,TR197070552=
2022-08-26,98.762,99.666,TR197070552=
2022-08-29,98.865,99.278,TR197070552=
2022-08-30,97.959,98.959,TR197070552=
2022-08-31,98.055,99.055,TR197070552=
2022-09-01,98.094,99.094,TR197070552=
2022-09-02,98.072,99.072,TR197070552=
2022-09-05,98.072,99.072,TR197070552=
2022-09-06,98.117,99.117,TR197070552=
2022-09-07,98.108,99.108,TR197070552=
2022-09-08,98.152,99.152,TR197070552=
2022-09-09,98.179,99.179,TR197070552=
2022-09-12,98.424,99.424,TR197070552=
2022-09-13,98.401,99.401,TR197070552=
2022-09-14,98.401,99.401,TR197070552=
2022-09-15,98.598,99.598,TR197070552=
2022-09-16,97.779,98.81,TR197070552=
2022-09-19,98.0,99.0,TR197070552=
2022-09-20,98.246,99.246,TR197070552=
2022-09-21,98.137,99.137,TR197070552=
2022-09-22,98.01,99.01,TR197070552=
2022-09-23,97.841,98.841,TR197070552=
2022-09-26,97.841,98.841,TR197070552=
2022-09-27,97.625,98.625,TR197070552=
2022-09-28,97.506,98.517,TR197070552=
2022-09-29,97.55,98.55,TR197070552=
2022-09-30,97.564,98.564,TR197070552=
2022-10-03,98.023,99.023,TR197070552=
2022-10-04,98.148,99.148,TR197070552=
2022-10-05,98.314,99.314,TR197070552=
2022-10-06,97.864,98.864,TR197070552=
2022-10-07,98.253,99.253,TR197070552=
2022-10-10,98.253,99.253,TR197070552=
2022-10-11,98.223,99.223,TR197070552=
2022-10-12,97.937,98.542,TR197070552=
2022-10-13,98.094,99.094,TR197070552=
2022-10-14,97.844,98.844,TR197070552=
2022-10-17,98.291,98.516,TR197070552=
2022-10-18,97.895,98.895,TR197070552=
2022-10-19,98.326,99.326,TR197070552=
2022-10-20,97.876,98.876,TR197070552=
2022-10-21,98.341,99.341,TR197070552=
2022-10-24,98.01,98.891,TR197070552=
2022-10-25,97.703,98.67,TR197070552=
2022-10-26,98.152,98.753,TR197070552=
2022-10-27,97.889,98.863,TR197070552=
2022-10-28,98.137,99.092,TR197070552=
2022-10-31,97.844,98.955,TR197070552=
2022-11-01,98.135,99.353,TR197070552=
2022-11-02,98.562,99.175,TR197070552=
2022-11-03,98.156,99.156,TR197070552=
2022-11-04,98.26,99.26,TR197070552=
2022-11-07,100.169,100.42,TR197070552=
2022-11-08,98.997,99.897,TR197070552=
2022-11-09,99.363,100.363,TR197070552=
2022-11-10,99.359,100.359,TR197070552=
2022-11-11,99.359,100.359,TR197070552=
2022-11-14,100.505,101.114,TR197070552=
2022-11-15,100.113,101.113,TR197070552=
2022-11-16,100.523,101.337,TR197070552=
2022-11-17,100.1,100.715,TR197070552=
2022-11-18,99.924,100.715,TR197070552=
2022-11-21,100.05,100.723,TR197070552=
2022-11-22,100.267,100.607,TR197070552=
2022-11-23,100.178,101.422,TR197070552=
2022-11-24,100.933,101.28,TR197070552=
2022-11-25,100.634,101.395,TR197070552=
2022-11-28,100.638,101.302,TR197070552=
2022-11-29,100.588,101.281,TR197070552=
2022-11-30,100.599,101.379,TR197070552=
2022-12-01,101.172,101.535,TR197070552=
2022-12-02,101.049,101.827,TR197070552=
2022-12-05,101.087,101.167,TR197070552=
2022-12-06,100.954,101.771,TR197070552=
2022-12-07,101.249,101.286,TR197070552=
2022-12-08,101.196,102.076,TR197070552=
2022-12-09,101.329,102.061,TR197070552=
2022-12-12,101.214,101.976,TR197070552=
2022-12-13,101.699,102.038,TR197070552=
2022-12-14,100.875,102.083,TR197070552=
2022-12-15,101.042,101.801,TR197070552=
2022-12-16,100.967,101.34,TR197070552=
2022-12-19,100.965,101.311,TR197070552=
2022-12-20,100.933,101.673,TR197070552=
2022-12-21,100.948,101.611,TR197070552=
2022-12-22,101.098,101.916,TR197070552=
2022-12-23,100.962,101.663,TR197070552=
2022-12-26,100.927,101.688,TR197070552=
2022-12-27,100.994,101.068,TR197070552=
2022-12-28,100.984,101.224,TR197070552=
2022-12-29,100.801,101.23,TR197070552=
2022-12-30,100.805,101.057,TR197070552=
2023-01-02,100.703,101.742,TR197070552=
2023-01-03,101.193,101.862,TR197070552=
2023-01-04,101.174,101.969,TR197070552=
2023-01-05,100.832,101.5,TR197070552=
2023-01-06,101.122,101.175,TR197070552=
2023-01-09,100.44,101.012,TR197070552=
2023-01-10,100.366,100.515,TR197070552=
2023-01-11,100.4,101.471,TR197070552=
2023-01-12,100.423,101.336,TR197070552=
2023-01-13,100.395,101.301,TR197070552=
2023-01-16,100.393,101.253,TR197070552=
2023-01-17,100.406,101.246,TR197070552=
2023-01-18,100.433,101.33,TR197070552=
2023-01-19,100.391,101.285,TR197070552=
2023-01-20,100.379,100.992,TR197070552=
2023-01-23,100.598,101.219,TR197070552=
2023-01-24,100.445,101.19,TR197070552=
2023-01-25,100.584,101.271,TR197070552=
2023-01-26,100.541,101.244,TR197070552=
2023-01-27,100.335,101.183,TR197070552=
2023-01-30,100.318,101.084,TR197070552=
2023-01-31,100.308,101.119,TR197070552=
2023-02-01,100.53,100.929,TR197070552=
2023-02-02,100.322,101.128,TR197070552=
2023-02-03,100.177,101.372,TR197070552=
2023-02-06,99.973,100.374,TR197070552=
2023-02-07,100.011,100.836,TR197070552=
2023-02-08,100.208,100.715,TR197070552=
2023-02-09,100.231,100.44,TR197070552=
2023-02-10,99.927,100.927,TR197070552=
2023-02-13,99.922,100.922,TR197070552=
2023-02-14,100.094,100.204,TR197070552=
2023-02-15,100.093,100.222,TR197070552=
2023-02-16,99.977,100.265,TR197070552=
2023-02-17,99.516,100.277,TR197070552=
2023-02-20,99.987,100.162,TR197070552=
2023-02-21,99.738,99.954,TR197070552=
2023-02-22,99.735,99.864,TR197070552=
2023-02-23,99.718,100.228,TR197070552=
2023-02-24,99.376,100.047,TR197070552=
2023-02-27,99.769,100.281,TR197070552=
2023-02-28,99.765,100.296,TR197070552=
2023-03-01,99.867,100.275,TR197070552=
2023-03-02,99.812,100.559,TR197070552=
2023-03-03,99.845,100.417,TR197070552=
2023-03-06,100.229,100.629,TR197070552=
2023-03-07,99.925,100.73,TR197070552=
2023-03-08,99.93,100.687,TR197070552=
2023-03-09,100.079,100.605,TR197070552=
2023-03-10,100.04,100.699,TR197070552=
2023-03-13,99.709,100.643,TR197070552=
2023-03-14,99.78,100.584,TR197070552=
2023-03-15,99.742,100.611,TR197070552=
2023-03-16,100.005,100.6,TR197070552=
2023-03-17,100.591,101.165,TR197070552=
2023-03-20,99.922,100.659,TR197070552=
2023-03-21,99.6,100.6,TR197070552=
2023-03-22,100.137,100.851,TR197070552=
2023-03-23,100.012,100.941,TR197070552=
2023-03-24,100.224,100.922,TR197070552=
2023-03-27,99.6,100.6,TR197070552=
2023-03-28,100.639,101.311,TR197070552=
2023-03-29,99.6,100.1,TR197070552=
2023-03-30,100.155,100.715,TR197070552=
2023-03-31,100.74,101.289,TR197070552=
2023-04-03,99.6,100.1,TR197070552=
2023-04-04,99.6,100.1,TR197070552=
2023-04-05,99.6,100.1,TR197070552=
2023-04-06,99.6,100.1,TR197070552=
2023-04-07,99.6,100.1,TR197070552=
2023-04-10,100.653,101.309,TR197070552=
2023-04-11,100.639,101.245,TR197070552=
2023-04-12,100.116,100.646,TR197070552=
2023-04-13,99.6,100.1,TR197070552=
2023-04-14,100.097,100.659,TR197070552=
2023-04-17,100.127,100.659,TR197070552=
2023-04-18,100.264,100.713,TR197070552=
2023-04-19,100.0,100.5,TR197070552=
2023-04-20,100.0,100.5,TR197070552=
2023-04-21,100.0,100.5,TR197070552=
2023-04-24,99.75,100.25,TR197070552=
2023-04-25,99.75,100.25,TR197070552=
2023-04-26,99.75,100.25,TR197070552=
2023-04-27,99.75,100.25,TR197070552=
2023-04-28,99.75,100.25,TR197070552=
2023-05-01,99.75,100.25,TR197070552=
2023-05-02,99.75,100.25,TR197070552=
2023-05-03,99.5,100.0,TR197070552=
2023-05-04,99.5,100.0,TR197070552=
2023-05-05,99.5,100.0,TR197070552=
2023-05-08,99.5,100.0,TR197070552=
2023-05-09,99.5,100.0,TR197070552=
2023-05-10,99.5,100.0,TR197070552=
2023-05-11,99.5,100.0,TR197070552=
2023-05-12,99.629,100.233,TR197070552=
2023-05-15,98.501,99.431,TR197070552=
2023-05-16,98.251,98.804,TR197070552=
2023-05-17,97.719,98.077,TR197070552=
2023-05-18,97.415,97.777,TR197070552=
2023-05-19,96.87,97.67,TR197070552=
2023-05-22,97.0,97.5,TR197070552=
2023-05-23,97.0,97.5,TR197070552=
2023-05-24,97.0,97.5,TR197070552=
2023-05-25,97.0,97.5,TR197070552=
2023-05-26,97.0,97.5,TR197070552=
2023-05-29,96.638,97.521,TR197070552=
2023-05-30,97.36,98.188,TR197070552=
2023-05-31,97.5,98.0,TR197070552=
2023-06-01,98.3,99.07,TR197070552=
2023-06-02,98.5,99.0,TR197070552=
2023-06-05,99.0,99.5,TR197070552=
2023-06-06,99.25,99.75,TR197070552=
2023-06-07,99.25,99.75,TR197070552=
2023-06-08,99.125,99.625,TR197070552=
2023-06-09,99.266,99.89,TR197070552=
2023-06-12,99.25,99.75,TR197070552=
2023-06-13,99.371,100.067,TR197070552=
2023-06-14,99.15,99.65,TR197070552=
2023-06-15,99.1,99.6,TR197070552=
2023-06-16,99.1,99.6,TR197070552=
2023-06-19,99.1,99.6,TR197070552=
2023-06-20,99.5,100.0,TR197070552=
2023-06-21,99.125,99.625,TR197070552=
2023-06-22,99.0,99.5,TR197070552=
2023-06-23,99.375,99.875,TR197070552=
2023-06-26,99.0,99.5,TR197070552=
2023-06-27,99.335,99.954,TR197070552=
2023-06-28,99.343,99.957,TR197070552=
2023-06-29,99.05,99.55,TR197070552=
2023-06-30,99.0,99.5,TR197070552=
2023-07-03,99.0,99.5,TR197070552=
2023-07-04,99.0,99.5,TR197070552=
2023-07-05,99.0,99.5,TR197070552=
2023-07-06,99.1,99.6,TR197070552=
2023-07-07,99.0,99.5,TR197070552=
2023-07-10,99.0,99.5,TR197070552=
2023-07-11,99.0,99.5,TR197070552=
2023-07-12,99.1,99.6,TR197070552=
2023-07-13,99.358,100.043,TR197070552=
2023-07-14,99.723,100.165,TR197070552=
2023-07-17,99.4,99.9,TR197070552=
2023-07-18,99.4,99.9,TR197070552=
2023-07-19,99.782,100.37,TR197070552=
2023-07-20,99.803,100.455,TR197070552=
2023-07-21,99.843,100.439,TR197070552=
